Moisture,Sugar_Content,pH,Density,Sucrose,Ash_Content,Electrical_Conductivity
1.5277209680269157,0.3033713375964201,0.42698947327452613,0.20288810449968656,-0.27088171980070097,1.1838499278258983,-1.500469643599288
-0.8402266907021756,-0.4842324125142336,-0.3044830844485324,0.9340448043289332,-1.4921000693180502,-0.017767521526196133,-0.1571427458805683
-0.4621679210630543,0.12964886508412501,1.6299200301606753,-0.6912366799164704,0.5226232062684688,-1.2142869179564713,0.08387650108458487
0.8914856544555191,-0.4611533795425325,0.05952927515859282,1.2735774357859315,0.6957518407615851,1.3522132914439429,1.3466314398873107
-0.012182228221860714,1.2094405723684643,0.8828421344569696,0.871382890401476,1.0293497895281336,-0.25857563549717577,1.2056337557233514
-1.4121548642055664,-1.7562239625428349,-0.9384125259042365,0.16796361106674648,-0.5533560172350722,0.8948792325269344,1.426831884706027
0.631431864486202,-1.2866850419145142,-1.0874507917677891,-0.14622736840314104,-1.0163521039396408,-1.42559598146507,0.14763253670606766
0.15101563343036,1.3022495961904104,-0.7385743283880658,-0.1695265541311153,-0.6811914003370396,-1.4116540302510816,-0.6521782888694324
-0.207836809944447,-0.4189397196365653,1.018261940910286,0.0272047813379937,1.0241973935207338,-0.2799797523744956,0.242681612352597
-0.3348906559043895,-1.1537384263557775,0.549744678329861,1.4948191170025669,-0.15131599061146836,1.0545684818862724,-0.8911741233808445
-0.9954659844458614,-1.7894475614648804,-1.088316246241726,1.1410890429012417,-0.5042770196645316,-0.3466665249683388,1.0791587006666084
-0.07710855762964981,-1.7303646727349584,-1.8398416832494449,0.23120678298956798,1.1424969105287213,-0.8020220301594624,-0.6727777733303829
-1.550402681299521,0.7955047790825421,-0.45219250019021295,-0.7823860040015256,0.24168330651625014,0.05651925107560718,1.5284481959580536
0.9694453100236582,0.4787171575445333,-0.6306328302389789,-0.1384410356805218,0.8511303172159452,-0.3467151361139634,-0.8394770031356668
-1.464452940791857,1.0332125592617645,0.6321238092540289,0.317354044027182,0.8703852027296465,-1.6606126301233275,-0.29267967978295456
0.03492633410717707,0.6190111409480984,-1.772292222530327,0.008884239449071124,-1.091001037282519,-1.3210558012766274,-1.5722512632018926
1.6699348640287934,0.43263132087239137,0.18356263798585257,-1.5154246482916522,-1.4623243867443534,-1.5352306916134542,1.485926937069321
-1.7161941834560674,-1.6677355987543392,-0.31796401013478137,1.2358280404773203,0.5605317966740927,0.12799969022482016,0.18528460345029393
0.7494832976790897,1.0919219502537707,0.5370101974981393,-0.21891176750999136,-1.6646276101889521,0.4263313312459331,-0.9531167376988019
0.5298333857552217,-0.3170385730825283,-1.5021099938039024,-0.017913971687830946,-1.5424122923547199,0.25645816611271266,0.665315896776959
-0.6747217763132725,-1.50105521436641,-0.958120248018664,-0.018127055170557908,0.21345948020728225,-1.2113512249930445,-0.06883058197045516
-0.7036687945716121,0.7205214889605569,1.3732711113253229,0.9778245607982641,-0.11064641354815959,1.4026240523389384,0.8297427729152662
-0.1667171850965576,1.4581058243713807,1.3146103880942344,-2.014410879113492,-1.6121279580618475,0.8015838185262733,-0.9052066995794381
-1.2242180120523805,-1.2305959276301928,-0.23174803224696838,0.7459597877552527,0.6683130671724887,0.809009940846313,-0.6900004562997832
0.3759138085633041,0.46544872799644543,1.0282047910342975,-0.7232456441316706,1.5968635500057557,-0.16129420951218643,0.6296258082577311
0.48491662894446613,0.8357273718173613,-0.8097769438327805,-0.7189200234778315,1.2803618819449203,0.8643763755867176,0.769780877254416
-0.9125067249029558,0.3656259102165497,-1.2229912954985478,1.3023995449484538,-1.314581832580572,0.20873346440442492,-1.3596504994588876
-0.6893622040539534,-1.822453449057305,-1.3041410243628069,1.0011910611190706,-0.31452381005422186,-0.014210222565382949,-1.5616860415391236
2.1535006342074428,1.7411976376758875,0.3250920402160341,-1.0779187631137344,0.6647118993581882,-0.8528381865714618,1.0774072196140414
-1.5994352680115662,-0.4345351488049116,0.7720969424926819,-0.28409109223928514,1.2381339666596314,-1.6321112753701124,1.1593990259258629
-1.4417832554104004,0.5794284301980952,-1.9334006670849002,1.7066035344490205,-0.3134317285169217,0.9276230180099845,1.2750748586705916
2.177655306450124,0.6949789490782148,0.873558638783191,-1.346328067126259,0.5468464806805422,-1.6073195228209523,-0.37253420661318426
-1.2854628996210604,-0.5028889235658336,1.1890072754560495,1.6160234380043386,1.3943612513361405,-0.08449073590766931,1.4971787613030036
0.70750829190149,-0.18388147164274177,0.24575536815779836,-0.4045431257774447,-0.5032834062690361,-0.627970017622619,-1.4284922937437339
0.23221655450523332,1.4002178158335437,0.666744529429116,-1.9365306715810127,-1.416217534610673,-0.8682203972833118,1.2207802913050603
0.3223327646731394,-0.4139247134157982,-0.3390119120950466,-0.7515726871305902,-1.5035334544392893,-0.2792650293531778,-0.8711535963319763
2.177655306450124,0.4280856686140238,1.2949849710891022,-0.1473890220508636,0.8588885878135362,-1.3478517961040195,0.17068490454220092
1.1160101633552804,-1.4224057314054004,-1.6069034438302385,1.2595745086256906,0.6776998889716624,0.7092596558435579,0.18327767716107607
-1.3098155096128734,-0.07283286330298393,-0.07684544428708708,0.23171405951614374,-0.7537860885671113,0.07888287835676724,-0.5121044200089284
0.40136524165458354,0.6699591429563784,1.9297589522588965,-1.7131163804349194,-1.1791632282106936,1.261361330498961,-1.2062121444164882
0.7115813977334272,1.3021694230908574,0.7754136773489304,-0.7429486096382354,0.6895082906297951,1.6219196881546045,-0.6830613951478205
-1.1333508476740437,-0.1652773324482679,0.8691742098545943,-0.4964637659417545,-0.9522901978047392,1.2555744914331786,1.6214245159194525
0.8184247177348025,-0.12449763527630074,-1.4700463402824844,1.463541908951168,-0.5073973082530661,0.42361707603205073,0.6967218214035921
2.177655306450124,0.6437760782193698,-0.05549238049600977,-0.23353756438666207,-1.202615802796499,-0.23334967667977466,-0.6568839728007003
1.9168268382162972,0.5509874012995565,1.9297589522588965,-1.1599806973483875,-0.19653270515868107,-1.6679218466551264,1.6886469935038269
0.1871113558826901,-0.5970028035196988,0.5601523190021341,-0.8030224339385125,1.6394675722115872,-1.2823816030607207,-1.1721939266554342
-0.2012837489875779,0.49537100903099135,1.2591864500129482,-0.7832262083224192,-0.15801743110161132,0.8586823426906328,0.20624828635717732
2.0279833525979694,1.85342664116939,1.853550836260868,-0.5694902662293779,-1.1296949801299427,0.9194392207526082,0.0032567763470249273
-1.4687930567775196,-1.4543317956844757,0.7899465666536567,0.09760363587886815,-1.484748081976573,-1.0015746155681284,0.3411785138083993
-1.6566221249693944,-1.2878439797328964,-0.3345391210695677,0.9797187026349831,-0.24508115305689038,1.6359305529715413,-1.6115196908211753
-1.1828534500348544,-1.8504994211416406,-1.5134004591130703,0.056316883306276155,-1.02433195777484,0.43958408786980224,-0.003200079231763651
0.46342965242963124,0.2799509127324528,0.1644614169719378,0.6566049284988645,-1.2573221487943833,1.2522800032073906,1.236164062979801
-1.579331290358455,-0.9409621163767034,0.5151056784278664,1.2496114328495442,-1.3201532767075288,-0.9304809012619966,-1.6280697069527106
0.8963043282568568,1.116681343960523,0.9320267155827718,1.4604548994274398,-0.7050881969884351,-1.5647546360806814,1.1846587094244592
0.4020114783585825,0.9569727963200254,-0.11471883302046064,-1.8903276575334966,-0.9774382993541821,0.0537987173290815,-0.7019984261160788
0.2427887425799887,1.0191391612921323,-0.7021467820926168,-1.3952314777683337,-1.3609644366823128,-1.5525150851689564,-0.9441347121385503
-0.2523804831531841,0.7410284725858641,-1.7151483082606356,1.1024509427319364,0.8515570109886369,0.3269740357544637,-0.3221184177954269
-0.9868963009635222,0.1364906946653456,-1.0712322370596934,1.376751451092942,1.3656441230860032,-0.9356539540822953,-0.4590380929857805
0.6225628100020403,1.7869280082852363,0.67841186251248,-0.3997663391650517,-0.5944993806592521,0.731981577581206,-0.14730708797134184
-1.5684291093215608,-1.5884844694501339,0.672370472237689,1.7148806131779646,1.6189584500984664,-1.0467312688755879,-0.30192236308615167
-1.7037699069500991,-1.9181713548609258,0.29687881033496644,1.1602927473314206,-0.5986442527767302,-1.0746884581253828,-1.559708628740128
0.752193709785145,-1.3980641993188136,0.5136629221197512,-0.20257313201548766,-0.2076533412114045,-1.2781611689722092,0.5812487099308351
-0.3899812590947617,-0.4994874763731641,-1.743465461183337,0.6622507564654855,-1.5326794966917086,1.5374301521667721,0.4972082776938908
1.5510507994074643,1.4919294462483745,0.41005886544538805,-1.2489449745441994,-0.2485604076730254,0.1673210820792506,-1.2082751952013149
1.5487509408427111,0.31526547961105617,-0.7549242294770009,-0.37244783410011084,0.3534361434130363,1.3443182181133693,0.9602823664603881
-1.7453036502751833,-1.0264715499271122,0.010140015097158584,0.6038535681103847,-0.43190725280163067,-0.21705491003094357,0.9283621059684836
-1.393411744997946,-0.524653498965262,0.04996637824101566,0.6680019421431806,0.6720346056561178,0.3413924649881771,0.7632149708029466
1.187345655957059,0.15486039681756272,0.9502516525414217,1.263237126489816,-0.006859206454432993,-0.35348651224357974,1.4724919900835687
-1.1486748587289881,0.8034288613735799,-0.3795550036119968,1.355948664658181,1.624191486901593,1.1744387860763943,1.5052120890816074
1.3050604841202067,0.11658990244592553,0.5339448587502847,-0.22227736705374124,1.380055906170932,-0.527106549324017,0.9199401816182332
-0.7108816856607936,0.6599728804644854,0.21248966475628653,0.3003582744608496,0.1005719413757467,0.37399880539982633,-1.2146513410475026
0.2026141459803186,0.6493224328121231,-0.7047451091580067,-0.25496994530698713,-0.6569732988442646,-1.0460031401134704,-0.6751004844549912
-0.6360009951017478,-0.5404725078710939,1.359415450796628,0.8852202606004036,0.0933237069374956,0.4164754487106294,1.5392122746506711
-1.6965290733911107,0.8282086348753293,1.0833777625382395,0.74512810272774,-0.9721909357336742,-1.5748863403159121,0.5051738386019597
-1.7231614826289965,-0.9587797069830165,-0.21824490746473343,-0.5866594555320906,-0.06334978629556974,-1.115059048597498,-0.26263147675826115
-0.6455637426956194,-0.7510167938918055,1.316251751980215,0.6741780683598765,0.9210454051132653,0.918331042501982,0.4862924483318013
0.13226070461271117,1.1144963770991245,-1.7166230881500615,0.762843618212957,0.7581008306988811,-1.653809701840297,1.2706187881239077
-1.5972323051878083,0.24281478421305838,-1.7408756537426204,0.32737655244191965,-0.32309351832541056,-0.29137043093646375,-0.111989915887451
-0.8558141113346115,0.14276484161847205,0.3000584184220939,1.1166769324909016,1.7651688261982112,-0.567870275486611,-1.546319818606656
-0.7630922837424713,0.6497494320690995,-0.6245728732456483,0.33929279762331316,-0.8924187080705941,1.4753661254146733,-1.2144581146281275
1.1432947733107983,0.30079252424369896,0.4272811510516851,-0.3271946461171719,-0.8795461926993363,-0.8866531610907693,0.4653341463973983
0.948493589465164,0.6575232219863218,-0.014666042581984404,-0.4607709999715903,0.2915243594219793,-1.0447165515837484,0.9197754030146459
1.9747006831730889,0.49351449472527453,0.39759271402494245,-0.7270003470132109,0.2269656991869721,-1.4159911973909642,0.019869563642106132
0.8204387400156589,-1.705675480597019,0.01833494736808238,0.8766456492877759,-0.579431883274414,0.9999533087928707,-0.758132805997556
1.0653057062684281,0.05677504622031007,1.8413503168972414,-1.3789807285591982,1.6465348289198742,-0.3247280524209725,1.4379048923760906
0.284913972558083,-1.5926100765295477,0.9742616889913323,0.6456179061541489,-0.04912799945633817,-0.7577211971268567,-0.07083121090870292
0.8905250029850068,-0.8667778245271631,0.39020098284088034,-0.48270936605536285,-0.608646326661473,0.2541061049344601,-1.271853159316143
1.364626436564553,1.8533974040450176,1.6153559300490161,-1.4631545225068603,0.6085305348481463,0.7633054525610228,-1.3123267939181673
-0.2934864151963781,-1.8592957141248916,-0.6017961706426842,1.7342621134982632,-0.8406752510707851,1.5716882988670446,-1.0445826042555142
-1.7537445912196725,-0.46568968307896746,-1.3580244643262642,1.6845954772867708,0.9838338165091646,0.5308333058335429,0.5163590523734419
0.639845771550633,0.6470262871547949,-0.25622431890706765,-0.547922192775567,-1.1363840225392399,1.0578771193331509,0.3131114064717153
-0.42852078492177376,-0.3193184509195743,-0.2595857551180597,-0.4001042245039674,1.4410053186902414,0.30757790097859455,-1.347418653839852
0.5103422589051554,-1.4416940055864071,-1.2442738963320203,0.848744220659129,-1.199416912204966,-0.14819495155370496,-0.5326305242888228
1.5183093694641134,0.7468462006966012,0.46251607548298673,-1.7789404068125516,0.1844376071546949,1.2792257516210175,1.0123958811621003
2.079580191339475,0.2617271733545347,1.3719031718841979,-0.05026499408346224,1.175587559623206,-0.46173632384784175,-0.2427046621727094
-0.5169349311277972,-1.6965748040112016,0.6050025278181285,-0.8089124585579452,-0.35868874662320877,-1.3462152675325958,-0.9194222270744339
0.6731414708651745,0.15443991360969492,-0.1246119335953982,-1.5843508608464236,0.2762295525857079,0.7027061509545203,0.7337741352108126
1.6310586847913549,0.7125042134192419,0.12598607005000104,-1.055061912315208,1.7613692034252129,-0.4567501111706891,-0.9322922898302143
0.13135132169568647,0.04763503405780004,-1.2169283225900143,-0.7015196490037792,1.3590910487385928,-0.22498046029637098,0.03194484589329981
0.0887396518986357,-0.6696071935182393,-0.971685236465101,-0.29406557953464124,-1.0365934917974697,0.30801865049451854,-0.39283397082517474
-0.07134043380923122,1.1436240163516345,1.4037274836800775,-0.7650705448575993,1.0924140997586615,0.7224616325960429,0.3072163542101025
-1.7594087928110125,-0.8418354509067068,-0.5492028026854759,0.5589307249821026,-1.38762142618978,1.5510879426643265,-0.6377848871101164
0.33803704700511616,0.09756721080311662,1.2688858498107543,1.6784736126734006,-0.5061355747967787,-1.6035088582184267,0.9531468495820286
0.651850836287869,-1.3550524578806784,-0.1471346935243477,1.1247075298124785,-0.4798084313038943,-0.8552691565187446,-1.7198475060593894
0.8781863941668915,-0.6861875194384822,0.45185313861736487,0.9864361124332242,-0.4566554031494945,0.6718930203448229,1.6270659581621647
-0.7981849168929562,-1.830338696501184,-1.608665884278446,0.060251245874490635,0.4674901234146229,-1.0702432405506004,0.6601728648084842
-0.9038096957317435,-1.399896651762339,-0.8117934022988732,1.0751322137033832,1.402778569704428,-1.6429505271063678,-1.2925403612528785
0.14489346577705148,0.1130968555863214,0.959640265132172,1.0376801054599043,0.7132588455069502,-0.9877281117094308,-0.4517702944850401
0.8809294965601112,1.1648859424414744,-0.9807253140820125,-0.6080102253866043,-0.0686045942926138,-1.2563217102428152,0.9699600149532616
-1.107287451511645,-0.3898587343629008,0.3023934023789818,-0.7969791676404918,1.2017239676196594,0.24120533490860765,0.8504846969818435
0.6999552508953163,1.0374506813173223,1.073205346104767,-0.06758569192739028,0.7407774444726367,0.08897196285080744,1.661980026530882
0.5996600752944478,0.1014961631646241,-1.9334006670849002,-0.506982979949439,-1.4833818011723505,0.5638772648999251,0.912066965672717
-0.22557812287100484,1.567633588117129,-0.41153185062701547,-1.4526118658155949,-1.3417770975423702,-1.659729248190459,1.0162877860032562
-0.3078002890112563,1.2057722370065296,1.0721699147852275,-1.0945379827278328,-0.4587840740402747,0.5342534318115449,-0.41597343844297613
-1.716599633397393,0.43403124391708353,-1.2382591873008522,0.0608985180945464,-1.1904760086876247,-1.2839102536011504,0.43689841970223126
-0.7546979705210001,0.15683781168611188,-0.32298272605410727,-0.32392511936392404,0.43572620291323017,-0.6179336391042245,-1.2989496472872124
1.8879467111954162,0.9374841803751082,1.1191580530423324,-1.8628253471015708,0.30262349552537987,-0.26289424012160684,-0.47964553752962735
0.8747317987772053,-0.002964427639189491,-1.1251823564743022,0.3201439286823409,-1.1321686688668142,1.674221130503353,1.13116564118314
-0.48397570176595556,1.5180210424229765,-0.18638957851968443,-0.9310092885677707,-0.6284395121978023,0.999607010181661,-1.7198475060593894
-0.12815383665509955,0.1725865226874858,-0.7642222477727129,-1.1338476550701024,-1.3817959074282893,1.2545311866935076,1.1962365595854487
-1.5021703383730203,0.9835580934589417,0.42118177010902835,-0.6390488702837382,-1.2210351293658679,-1.1423248097295733,0.4767447585331684
-1.2153774587237496,0.6221541583685805,-1.1514395956309098,-0.45388825627576673,0.8989119017530135,-1.2033464790342874,1.6012348359409159
-0.3383289862828499,0.52810222153614,1.9297589522588965,-1.4237648357831147,0.11861922381641185,-0.9409882756388709,0.6398023106722467
0.6433358292327367,-0.8869656021155773,1.2404655613934514,-0.8100867237112642,-1.6646276101889521,-0.0630416280760554,-1.7198475060593894
1.1173443626670123,1.1766670527960355,-1.7716327194543586,-0.11894725674735841,-0.32885695129130477,0.6895642018994642,1.099592506847548
-1.4100224437460773,-0.24842547172430657,-0.2544421126301928,0.9475195913672826,-0.6307924801710358,1.4141954238800283,-0.6421207740645501
0.509671056725933,0.49772026264498037,0.8412365809520628,-1.368827613083787,1.2382983409611332,-0.5888508426009199,1.1337569444284834
-0.8149774325651203,-0.01299739894417466,0.1559023721351281,1.2710272423651845,-0.3809159246834829,0.6965059723866905,1.6490557973409397
1.0450979031606449,0.3412536160613991,-0.792551899831681,-0.7025493716435354,1.151527659047704,0.27513451685264473,1.5887938523272505
-0.3588695095195995,1.0320937964141659,1.167717308877124,-1.2924676176640795,1.2488763773408007,-0.48373222600259014,-0.7849685135965704
-1.2437311673720004,-1.7029101154426847,-1.024432777554073,0.10786861736680174,-0.28185029464121464,0.5339526902023162,1.4588719968427177
0.01710231878000384,-1.8582224039487323,-1.3149787011982563,-0.356763293917786,0.6500465120043459,-0.7266550988952462,0.4200717392183367
0.8885374205296329,0.001612208962325064,0.7709213749665497,1.21088534405648,0.39129897072695363,-1.1755136672634743,-1.0209699803276826
-0.9816960898000974,-0.9440338162212606,-1.799687731477449,0.6409769397991072,1.042912434421387,-0.6814383978037204,0.32672428629006833
-0.31912361276490847,1.85342664116939,-0.5095991345732,-1.0056024247380149,1.258948085583425,1.1063185860604188,-1.684680177604791
0.20941946804359712,1.3810896849614485,0.3497264565418087,-0.9423378280075755,-1.531515657566309,1.6026562965754836,0.8371649434636453
1.5194908760048338,-0.028109122082389422,-0.5924635318201513,-1.5976872693909507,-0.9651716610868735,1.447215208738865,-0.5915713013494269
-1.4700493021343348,-0.38573351539229334,1.2275682789299205,-0.4320347251792858,0.9685814628022658,-0.9503211871084504,-0.016885621401455074
0.8342796304469746,-0.03700870014809798,1.712286507265459,-0.6694778025608645,-1.0557856912201582,-1.1906724952693404,1.1428061687080493
-0.06155215690285208,1.3999998617893177,-0.5690907668794286,-1.8331276566487686,0.6211601214479532,-1.3939347522281382,-0.4764359826360225
-0.2599416536301387,0.3032864575372754,-1.6892341678037397,0.10883451996182943,-0.03126050432725973,-0.11571060039946414,-0.44186702891075547
0.5142189632920056,-0.7494407205849982,-1.1777625044125635,1.649371159651896,-0.19867368322454868,0.3654567411139327,-0.627014803318655
0.413302903499747,0.5317496573955156,0.7381887320418524,-0.7849589105492403,0.923711064608024,1.055450915804409,1.581815566762155
-1.5915504852566844,-0.4967066168649589,0.9354438759336925,1.4866778122190714,-1.2354646457111345,1.3292245964951346,-1.6647248347336834
0.5132984638399687,-1.2399750091132336,-1.0147771901044373,-0.3848039715355615,-0.5388887975767546,-1.6301358941549011,-1.0394583004773992
-0.3884938775869898,-0.12992245361638283,0.631227993813447,0.8391587772784341,0.5587570890188376,-0.11261056434014824,-0.8044298932725287
0.38589606781353725,-0.6107420982919882,0.9523058048883076,1.4330252141457154,0.31396346410373926,0.028170309689319162,-1.6321935771835525
-0.09199783108692239,0.969445671590587,-1.5635585138344164,1.602181163973309,-1.2141880043752218,-0.0328191854624389,-0.45419970357332906
0.9213244453526199,0.9256310170736578,-0.09939371223912105,-0.16756417950043537,-0.15392177596008558,-0.4874841844032114,-1.1815471854965864
0.2879152648224292,-0.7278764022677944,0.9084217659748376,0.2693081738002326,-1.4528108891660605,-0.019200217290625026,0.09516846584929228
-1.1315029981106515,0.2204365361359318,-1.834859770942158,1.3119860913271686,-1.6646276101889521,0.40952929539887284,0.8167761987246105
0.6120193535564963,-0.9382284276373724,-0.019972934258001545,1.4681450726388503,0.2526927096669455,0.003913912986337517,0.43880124861873654
0.6777342738438374,1.1333756570738263,0.8858374964125196,-0.3741050898448849,1.1044144730738175,-0.5303787372538736,-0.632106730679668
0.6594502783622255,0.35251742532891067,0.9255428101875663,1.4453474097645362,0.9951145562574866,1.0965606756744959,-1.6464731167560243
0.0947288459100815,1.6252804676758095,0.6011373012082155,-1.0362994106311396,-0.4548387564436388,0.7793957068786161,-0.38375715897460294
0.933377753448104,0.021730846685478793,-1.5959235410295314,0.19218689941916445,0.468251330874328,0.5495709928217216,-1.1934499057334695
1.126758967701028,-0.7070847350419104,-0.9671466632013717,-0.24261905594352587,-0.4237760624653163,0.25716479022119215,-1.331279087765664
1.0688207170813098,0.5028432124866035,-1.8659778362337867,0.260181150785198,-0.31474716140671605,-0.3129669791674509,-1.4238533433798655
2.1269132640247914,0.3478115076620245,-0.33077205268949833,-0.3461093271032668,1.3971461614762544,-0.3634826489121935,-0.3026702041436146
0.544763117243641,0.8133359332181547,-0.004886932379684927,0.013722759916354856,1.0395435751542563,1.1630688912873797,-1.3544201504201967
-0.39379739583887985,-1.2367765751943847,-0.7002746083523212,-0.21159184230853448,-1.5444738770678346,-1.3704123575054388,-1.6810917187217493
0.7863948903562615,0.4843703093239147,-0.3991693675133786,-0.09102339531204066,-0.7094927755190465,1.115948654156526,-0.8174017440654935
-1.3810182557397142,-1.9009017729358835,1.3177879756303834,-0.36702714935063624,-0.2630779308576818,0.49171117224931554,1.4563649066575826
-0.06474520076752764,0.9864498371502766,0.5828863309948575,1.614535243320265,-1.562643920834604,0.3308014029499037,-1.1985647304221376
-1.3619567185231831,-1.496965906313212,0.4167204194394692,-0.31463131764852176,-1.3279075179487074,-0.8585328458975624,1.1277463982557958
1.016903837412412,0.6787451361161856,-1.4331920405097316,0.5693998482347645,1.4443689885318898,-1.083889134069002,0.3451988678107528
0.8198471564796825,0.8189538724794113,1.9297589522588965,-0.8531936624440841,1.4188004832465364,0.4784555287325921,1.0113477998080558
-0.9750708531092247,0.783012814686987,1.0255490185224996,-0.3015975730253134,-1.5028292528760607,0.6373662936767257,0.4936319406451088
0.802038816805677,-1.9181599053791623,-0.2619345274511209,1.3012353164700323,0.49029886419293306,0.693128893043447,1.0341831473630656
2.1776513137263547,0.6172518917707033,0.7445530080577787,-0.06141058487705078,1.509313562049773,-1.4931475699627206,-1.1519248379626104
-0.7360584733370894,-0.06085922049873257,-1.1823570238997883,0.7953766856635406,1.1492129380642715,1.2200073955989728,-0.6970996177854437
-0.4659679882579233,1.0136556473398968,1.267337488686158,0.6283759781828414,0.013610061230094733,-0.4337783539959626,-0.2722218871502661
-1.0730917955848467,-1.663246663816044,0.14429793145335928,0.535209329873516,0.9419320675516215,1.510711563755921,-1.1822692084481925
0.26685137581071705,1.7885714612248398,0.023099445414188586,-0.9813405843321112,1.6545815951608123,0.09904517346288827,0.2319139004700392
-0.4586995882106773,-1.4205387501397126,-0.37498972880216724,-0.755560243538137,-0.8367726603450572,0.4198056052951457,-0.5901599765732418
0.38341113932414833,-1.5502439830705215,-0.14056702296179152,1.3021244510052117,0.22741695111519863,-1.2867656441967257,1.1858481503258549
0.6202790993675612,-0.19569709362024695,0.8583531800677661,1.244766402799352,-0.6422776252210539,0.1423582161496646,-0.0037947168863724104
0.3037941408136674,-1.5214626637032709,0.15502693089894315,0.004455658253225251,-1.2577440103938966,1.5078130945601644,1.189848193488959
0.12299088431330682,0.8119518953665342,-1.5764039580602076,-0.6841350375091837,0.4181412660937746,-0.365891842702303,1.6252325809435069
-0.8228752458527672,-0.6432801955494729,-0.4187141000394268,-0.34699611913646666,0.4890663275408192,1.14851672966483,-0.43782514611787693
1.7557777942563524,0.06778973493390773,0.6761680678025476,-1.3740956726267608,1.6286056404433804,0.24045253354040705,-1.080086252801342
0.5886756312485901,-0.38371441351973395,-1.7437198372028704,1.2330468921459374,-0.3294460321836805,-0.5854936902375114,-1.0744893144440448
0.3053645258913239,-0.4442082441824432,0.386076536130207,0.6136134627430971,-1.4868334598541484,-0.14228139450833532,-1.4150312975771846
0.5131315406100097,0.5859939569255146,-1.1906511843380398,1.2708509197295559,-0.852917655768276,-1.7289703642208827,0.11804846192405746
0.9116839757992475,1.50549250904746,1.8896566739444849,0.12201024079832355,0.7228605455886249,-0.5025460675777156,0.3931646588291718
-0.2990582996939741,-1.2302628616504656,0.4007180978206736,1.5967591464167823,1.6487859061704075,-0.21371530954939766,1.5140679603980536
1.9587385212988753,0.1701298907843654,1.4299254328791107,-1.3323884310733827,1.4701022634893348,1.0861082489243061,1.055164592731689
-0.20616406590382708,0.8152365431454834,0.9719323687633525,-1.5099763011358855,1.4076241351936645,0.2687184904551612,0.45759887411259353
-0.6871992389418201,-0.18974241555511132,-0.38984719302321363,1.4031867600261316,-0.9703844180218348,-1.1601568559699957,0.90540706867962
0.45989332962471274,0.6992347532073133,-1.3266906847416537,1.0279157171805813,1.0981745635196072,0.3866690627196391,-0.06482749226512115
-0.333371246243718,-0.03827780797294827,-0.7764910006194896,1.099124003751647,1.7198108005239723,1.4092466689391043,-0.4617587818530779
1.1662018063871593,0.23477439636433478,-1.1085158509300963,1.267538189910775,-1.06828530425834,-0.5686755057779906,1.6266132336111276
0.6537417129937805,0.21964167996284903,0.9544165712394239,0.06685399457059892,-1.2524814293407964,0.584400828244996,0.9956249974383322
1.16889156526233,-1.059383482853549,-0.8695417307346942,0.9230834537682868,1.2654221562779622,-1.7393578390440725,-0.9212535424053712
-0.9478078093631127,0.6281011407279442,-1.5084572771937532,0.82022537247531,0.27387805536976473,1.6135487660816725,1.653401752465814
-1.232515619400024,-0.6932408366484283,-0.5945924170349292,-0.6841141169091742,-1.5614966129943764,-0.817910152765364,-0.04353847849624372
-0.0945312579856775,-0.548715633940221,0.23341299064138912,1.5524424211664052,0.8221434849225183,0.41511860776832893,-0.7211447899807869
0.7216322526036221,1.0880664182334363,1.92969533600396,-1.4831865090064917,-1.4197843747282775,-0.9264004190174604,1.3732873180284784
-0.7927993155007198,-0.9005162323100474,1.0181132492843443,1.5265660903357672,1.6126202238877128,0.7295789897823644,1.6886469935038269
-0.7443712785205554,-0.6426863885236248,-0.43453159788226275,0.7825585340144443,-0.8155197458632509,-0.6385988666103869,0.24427784459245683
-0.707449148945191,0.2264069164013547,1.2675431831927788,-0.18437140421329706,0.6895363907303721,1.170457339891818,-1.1556913818132026
-1.3539314713541424,0.12673528075954654,0.5774593215356042,1.3437770317308226,-0.7624396986172488,-1.4793952381669118,1.6040073608929444
-0.09821726835920612,1.2547676582373064,0.6777306719849946,-0.39926510626970996,0.8037155507245527,-1.4819119263964344,-0.49076321253646366
-0.775970866183071,-1.8424404846694784,0.47450372788754347,0.3614583087083372,0.7200436454032867,0.44652372981828864,-1.0664618127280117
0.8932104790599623,1.0744575038716957,-0.279553147578426,-0.22645999150963875,0.1391483952539642,1.4542174211151442,-1.3582453200036797
1.0905050495155317,-0.01961647774996271,1.2232082549804368,0.20331326393138055,-1.5511201273667488,-1.7300139661417826,-1.4568049550434223
0.026439462055024017,-1.7587322545356199,-0.23294013326519517,-0.8098778127228701,1.3811531418832876,-0.7032023672676285,0.8310470751362714
0.8358528220035619,0.8540308646106045,0.6644152195523512,0.37290670175737567,-1.2846671611880094,0.6056317868705825,0.21074190646714433
-0.9974339463408605,-0.9953727287592604,1.2451886452125431,1.1464804571280431,1.4972325667026225,-1.5028471628786488,1.160401758435197
-0.3365726061083465,1.1616477294197727,0.3955372670924149,-0.4978708212915995,-0.38872656429704217,-1.6516860745112305,-0.9237677187618057
0.8865345563190014,-1.6260436383495294,0.4032294199755248,0.26289972185935684,-0.0876948439314444,-0.2532484359602592,1.6886469935038269
-0.21039890152495216,-0.7015889591488323,1.2741820109668198,1.579631001648682,-0.5499227801991455,0.27291533263911083,1.410391140726973
1.2790173057554648,-0.05123563581941066,1.3800669597836344,-0.8008105001868229,-1.3957263816995822,0.2996257101419079,-1.2085669956349452
-0.530755347242123,-0.2178078146330347,0.26903824525273373,0.7371713514892969,0.6678831796537328,0.35204873595747127,0.9910451559106087
0.7518632211779113,1.3228381865162309,-0.18424492268917414,-1.124801147384091,-0.6082058908888275,1.6222943933678928,1.2272614569374354
-0.2194066008758556,-1.0155691301941896,0.6753989677671269,1.3323081214654893,0.727666667700988,1.501699729764754,-1.2815248812287077
-1.5495057743321154,0.12089889927582595,0.9344951741300029,0.29549568836507467,1.4424140642838514,0.6118188271147282,0.2685869225339735
-0.671082949753571,1.0067292043076073,-1.5296183000142831,0.36793513106964687,0.3201233361182123,0.23628478167778724,-1.0156577286779036
0.8248556643396148,-0.9132898708942798,-0.9165573338615742,0.09503745829327499,-0.8312409150918212,-0.310987924790789,-1.3994274541807907
-0.9815256778954253,0.7923855489994039,0.8095920228558295,0.32833036404813715,1.030415672644359,-1.3280567320359165,1.5476337574081207
-1.0445551680582128,-1.7693269244626437,-0.6572027486602463,-0.5676534175673567,1.5188407616809159,1.3413884895162023,0.47243450238761014
-1.6712707378814098,0.7390326312945523,-0.3166207724392341,1.2218559410541385,0.8521216798431271,0.3981385010313442,0.42689087948446863
-0.11101946038789115,0.7218014684922819,1.9228939492148718,-1.607880602754476,-1.645228297545627,-0.46639863985707897,-1.3977349215246948
0.7978430730231789,0.04589237691331644,-0.07211281342898414,0.17807891491110847,-1.2353672373773261,0.8467440967030897,-1.6781877572387487
-0.020750759893447608,-1.1485863044610765,0.8458294066352893,0.11470662873999979,-1.2695673588240983,-1.6136223007252166,0.8582334895195608
2.0713443312269124,0.3781989493982656,-0.5827486150452394,-2.014410879113492,-1.613846889513695,-0.9988460311498788,1.5627005423917413
-1.0398922052579997,-0.9326686943237398,-0.957256438921773,0.6467848918816878,0.8963675014386763,-1.0152956616187807,1.217103310486195
0.6222024604706343,-0.5276872834582788,0.33810396174514656,0.8984571640756378,-1.5477360433932967,1.2395545678238493,0.21698346052632828
0.6010107863638804,-0.8414892612999393,-1.370553758053153,-0.17717820350183394,1.384589020494693,0.484147153038301,0.22025044182471568
-0.9373043447157151,-1.8507652546365216,-0.6875076434688592,-0.05148441471556326,-0.24639717506846645,-0.5488581196734961,-0.40919003193693526
1.7668182454047867,0.03591787384629308,0.9096613557184642,-0.3173750854710691,1.513371742391295,-1.7184360931590674,1.4198853692717603
-1.0223457357407644,-0.6364275747177098,-1.9334006670849002,-0.4459543439073598,0.34119390751652046,-0.38574919616933523,-1.3856133919956393
-0.16199881159906604,0.5594693768440435,-0.4353144118942987,-1.8075280269689917,1.172094558049911,0.5140700346757762,0.5538520266451604
1.1626801304971823,0.13158566529423982,-1.1489558591792188,0.9659699205129273,-1.1106213521404646,-1.2044338690523766,0.9466199270342848
0.8366770895057638,-1.152300108476758,-0.5297928261067635,-0.1942201454542038,0.2812326428754008,-1.7393578390440725,-0.8939892301584502
-0.10781093296665287,-0.908471337927536,1.2102685942261366,0.6878605251614002,1.6517396823174366,1.4957805082616624,0.5503739247962712
-0.739171944945853,-1.2796116211519097,1.3380459101213196,-0.47525071392293,0.9910312685690786,-0.09286371910719524,0.17077008437809077
0.1191298115107717,0.7080339364082975,-1.2775958176160367,1.5196590906476342,-0.8837057599124668,-0.9642311982330266,-1.563832044606567
0.35565087250682437,-1.3874433877862589,0.4684192054246791,-0.06850801927915291,1.6872583910425563,1.395017717517292,1.1859179337719072
-1.7594087928110125,-1.841987271566204,-1.2921074977423044,-0.051137230823351934,0.38012998120721003,-0.087533455221327,-1.165530417307401
-0.0833127803043597,0.23329117307577868,-0.6409854127555125,0.10876921165351008,-0.9325262553165259,-1.331449869146891,0.3255736195600309
-0.4992778148361701,-1.6713785622584933,-1.035456289221704,0.8994362864495714,-0.9289656408843537,0.755222756351095,0.2001018309145562
1.3431253871915174,-0.00041835824838362185,1.0711399109661714,-0.30578065652889413,-0.8593024927971497,-0.26155552482178707,1.2233706853634712
-1.0007730826764754,0.5934823404755609,-1.4187418036529018,0.575462934244514,-0.4699340291211413,0.7807756778034708,-0.0963884093063624
-0.2519946217893333,0.0749603820132709,0.4749070274067577,1.5949884592235815,-0.4512482697475472,-0.7051131567019422,0.13256186358011923
0.9759138332562775,0.8889293930895665,0.4243197519125993,-1.7606647772881603,-0.9440972890358161,-1.7393578390440725,-0.7556886859050232
0.4606485217231826,1.0971708527367692,1.4467623415046695,-0.9102198882838936,1.3163394611858759,-1.1283545950316265,0.07639013940935833
-0.24991948293158034,1.5041184674072552,1.4424345304034636,-1.4244695965387,-1.6557918330361718,1.0902184495251663,-1.710160161378159
0.8933590540815545,1.2374395608217537,0.6155846287871032,-0.7391840243741604,1.3929232910780271,1.109912234309592,1.2172708144189033
1.4061075397602658,0.42155616950522923,-0.5768682751227069,-1.5977526379576732,1.542849134173173,-1.4407775173873514,-0.8386533841968117
-0.8877618159762702,-1.8945058614499115,-0.049203348589583806,1.7342621134982632,-0.6923223060534399,-0.9718509557533069,-0.09889340258788143
-0.0627720092179872,-1.5448605832408935,-0.9314132483653024,0.9011951301351692,0.07708231158989386,-0.366500594822363,-0.5139805029788376
-0.24189730230004472,-1.3374057174411478,-1.9334006670849002,-0.7120560788324828,-0.6637945435564258,-1.3170256902104267,1.320982080777291
1.0272287180666566,-1.0926201939466809,-0.1825857874553818,1.3142663876849796,0.3008177881231415,1.2040836236908745,1.5435507186291213
-0.3414584808604662,0.19491668942044682,0.8019351600135879,0.2565779835155886,-0.45260173666011166,0.878225357930909,-1.5353418874193485
-1.1902422937617294,0.7734731102626798,-1.3369094035732514,0.753440904778417,1.0143447072310499,1.1979962586168633,1.4157786376849202
0.0675169019753216,1.2043334551872544,0.47613335969357123,-0.873529744231054,0.17099675896265623,0.7029527416370032,-1.0548668127755798
-0.3027694263637603,0.8550546197371565,-0.08108083834561468,1.026985051242251,0.9732813460609953,-0.666191349593827,0.33586014697702216
0.6261060259563355,-0.26212775562897134,1.0312374922620864,-0.6454477530413423,-1.387210217123494,0.6694396497088425,0.14672944711965696
-0.9745785284702585,-0.6312249650072277,-1.8076966404631427,0.8492454249947512,1.3308615907265853,0.7966262165309453,-0.9230264771699946
-0.6903655755983935,-1.3853470153807632,-1.100522689822346,0.9141673063069653,0.3021781767281548,-0.40800973017287867,0.5077467975991306
-1.0677668920476868,-1.7836975526246999,-0.5971024024049935,1.1827457296817492,0.10695629309226132,0.24496867158506255,-1.6526464966267467
-0.018614506707341223,0.9669104000187969,1.0191637034237384,-1.4871024295529018,0.9156826007320509,-0.9474374975571943,-0.8536043223546911
0.39699797246828017,0.2969451201446337,1.783617726637212,-0.9511325937179501,1.1934256770788787,-1.2222872874525712,1.1229605486142056
0.4734592070036519,0.31961509924670517,-1.782180539859683,1.100765243726448,-1.238977383365692,-0.6786726208551438,0.7483190659339836
0.4216071366591465,-1.7450860846622231,0.14559853984536084,-0.705399263775976,-0.15322195269631797,0.009249508227278427,-0.006665759452267249
0.039760187210464044,-1.117630720078651,0.6262836731898039,-0.34247874648491244,-1.2986642257239425,-1.0730761962398414,-1.3343858771588821
-1.7475171539541527,-1.9181713548609258,1.140450890901849,1.625845940303622,-0.2747013781704479,0.9325035082625012,-0.9419979590016341
0.7930500167088759,0.5339632567907923,-1.8912738529392923,1.0854243901003833,0.7239249237986988,-1.525822674501937,-0.1936585391657417
1.0576131254677428,-1.7942240581963411,-1.0049742376942055,0.5311465037191604,1.1562983370825186,-0.08657728989328364,-0.5485688132305382
-1.7155755579672118,0.8285739255713092,0.7872983163400916,0.09787650575621387,0.5747689257491928,1.2970906407159564,-1.1681174538967662
-1.5588865815612418,0.4728073005392726,-0.4242292907887831,0.7288689758902769,1.16553176858997,-0.25341757768624384,-0.10779619269963814
-0.37176784197514595,0.10820954488397574,1.9212264586729546,-1.3093425777097047,-0.09717334974727981,1.6074203345859863,-0.9448714471557343
-1.532519540619169,-0.11847933916576958,-0.5176191317283269,1.5123838330806023,-0.29804337303611184,1.2897668681051515,-1.002866354215076
0.42431617231756646,1.2876178887681733,1.3236888848776465,-1.5979736475205946,-0.20800862242528498,0.23719547160440674,0.7675235492597113
-1.3087119315991815,0.06987449658751939,-1.9333303415411476,1.1826433663744427,1.598909875351117,1.4198250479428753,1.262177323506239
-1.063092847845235,-0.8660190428804336,-0.15957081872633838,1.5797033282592512,-1.2305794488351272,-1.34619709894449,-0.49256256881732263
0.20091964797585896,-0.20431168671607147,-1.4717631482258584,1.071905764435349,-0.34673944629847125,-0.1614665914432448,-0.03856311207147269
-0.6619729986435572,-1.915096176491997,-0.0331230447397371,0.8895396656314085,-1.0368065662570125,0.5762518049562255,0.6156508259058732
2.124505866518185,0.9361728788859325,1.1384431133906876,-1.8738801350322256,-0.008858163522418793,0.8842908623067374,-0.776019407991953
-1.336824474674131,-1.9057383711706528,-0.5582376656599711,-0.3705242057504808,-1.2622090361131115,0.46572533382410874,1.456371498008745
0.09086075597256657,-0.28065930990591587,-0.27871584892739526,1.2120665503108425,-0.2627058771456538,-1.61560603540911,-1.0597804288337174
-1.3588860904132392,1.0982843532180548,0.6266603479151841,1.6130748328011055,-1.2172802798062472,1.66269908416994,1.068306417651602
1.5705871994352707,0.9812034035268338,1.449040759834256,-0.8931019722483164,0.2201563221010802,1.5595129037023088,-0.5427458031764059
-0.3141640171340983,0.28623190127335335,-0.4397246619416768,1.7342621134982632,-1.1104515524051526,0.24821761641614193,1.2432509788661485
-0.8535962173906869,0.680140644187011,0.1551554092568891,1.596723857890768,-0.8601170595880948,-1.0551809272655612,-0.3329065790962251
0.09584331669602651,0.07419524759399697,0.5600959684951793,0.9553302486698235,0.9045638438750995,0.36655518241790763,0.6816148724077972
0.24165921126862216,0.09933721667889535,-0.9939726921759638,1.6939790543399644,0.5711214034335189,1.3922972664964626,1.397850383132375
-1.3663554082816365,0.314494447215972,0.4242383318072609,-0.3636662530701662,0.8534202968501766,0.4597939477261296,1.0042757430208618
0.8539143993232248,0.22371400460873317,1.7017797067600136,-1.9796375763304135,-0.8962280003459808,1.2202778904718847,-1.4426178406642745
-0.8395697119152584,-1.7133722658465775,0.8134538072613121,-0.4471983807809189,-1.5564503705147614,-0.22937136737055455,-1.21944415688301
0.45707363707682164,1.7819195421810892,1.9297589522588965,-1.5966593620660146,-1.404101564035932,-1.6470308022764704,-0.7036970328682429
0.8953271010058692,0.3360145890146454,-1.501159840418389,0.4229813725539126,-0.20426565397263755,-0.5257586750324401,0.8593742909238234
-1.0826258100980417,0.7046203214711769,-0.8513510509004297,-0.8137719295222052,-0.6792637981902931,-0.3630250339538596,1.5738699661955222
1.4701983810211618,1.8421806734786534,-0.7031859877703956,-1.9083458828669484,-1.2729032658450083,1.5934845658898134,-1.4127003942983887
-1.686538187711321,0.6698652498159073,0.22269532103426526,0.8057212308169597,-0.43901172278013223,-1.3630738132025413,-1.401806652113418
-1.0312673118338702,1.0266600628530758,-1.8979292639803083,1.5353725111992056,-0.13677709157194134,1.5510741386002302,-0.23294543012749172
-0.26695807183560477,-0.1036759785471458,-0.6170563596068355,-0.048539884596255266,0.05010229487277634,1.6329334537803755,0.2070647769521572
0.6887054292655328,0.47627145483891387,0.7359389597607235,0.7165473394915952,0.9797552228305026,-0.026673951788596585,-0.03789965819299372
-0.19589052821476716,0.07923517982630196,-0.8983516489563415,-0.32975366017529933,0.20602401091243222,-1.178393884854161,-1.0035430033474533
0.48238264971326883,-0.03622586394533924,-1.2958661223124728,0.17993751067020003,-0.02534037188269802,1.136914204621053,-0.5726077638697586
1.806873148114979,0.13716257864462506,0.44782571824591005,-1.1467951558870575,-1.4969286896503626,1.3367277085809488,0.7358441867696977
2.1261599927647317,1.1516428387386592,1.3326769106816387,-1.8673508091049305,1.0317884507472117,0.3496601350497719,-0.2736953670177226
-0.40458919906023727,0.18333661751998706,0.12849402222163897,0.9629455146685374,-1.2116184344744414,-0.41754202324479267,-0.3388173782340239
1.8941045051008734,-0.0016435064102407987,0.6634171730127992,-0.06381945231918959,-1.165514691870172,-1.7393321218832434,-0.696602474774598
0.9018984088398053,0.23369596973883408,0.04360536963635757,-1.8090575440253147,-0.565667498678584,0.1502287199143763,1.558433944520892
0.06067499292154681,1.4819828898855518,0.16172331227366699,-0.9556913808638389,-0.8866457338932264,-1.2146823428115618,-0.08962074252111661
1.840067392644017,0.3241457431790331,1.790114261510413,-1.2999197766419972,1.5526605508453082,-1.374753852859215,0.21274088908597558
-1.0984250717885695,-1.5407951769605526,0.12360376748126935,-0.010019499500867326,1.6815389626435895,-1.5952408672196174,-0.3227990122192427
-0.6474411493129361,0.8127623697852255,-1.7729142271925902,-0.09303540469076746,-0.6717079688878621,1.483065465476779,-0.3464767660486417
0.3980670716649503,0.013728761178650758,0.7472705913474365,-1.5445970647172147,-0.8699839398835141,1.1220989247299893,-0.5674069713945471
0.3050547514147501,0.8790891150520429,0.4914513327778607,-0.4580661672659957,1.306808600086619,-1.113411535354186,0.7772428240815357
0.9006885014658972,-0.9432719271842464,-1.8411822784872007,1.4134965736009575,1.6739735352413005,0.7283935600100833,0.5147209735733463
-1.5039124296368487,-0.5136491922236274,0.3936194321492404,-0.2888144139610704,0.6221535511808455,1.5795041416170632,1.5079661664047588
2.15852807126798,0.9655047340047608,1.6627695138885332,-1.4377269518713958,0.12188560148605017,0.29355800146038963,1.0485983139583723
1.6306702972267872,0.7381827637706578,0.47430500947797977,-0.13105797757050253,1.7722882332961087,0.31775115744715693,-0.9392454144318918
-0.15905047991843685,1.104680600183181,1.0517817770939382,0.7714979665887243,-0.32452391097772343,0.23344970138533366,-1.2072636524755211
0.19762450668651294,0.9298169871851686,-0.0567864834683928,-0.4527856035014352,-1.162867686234185,-0.596092921985657,0.38509255443577445
-0.14893212273425066,1.85342664116939,1.8518682601318113,-0.1774068468206052,1.172915445537785,-1.4682034084553242,0.517222434410464
-1.6133081411426156,-0.42272304245987274,0.4580224189977335,-0.3864679883906036,0.1939646864332321,0.08187306773907133,1.4589222532787822
-0.41965594622063496,-0.049915524184552716,-0.2590924238707105,0.8775250353186098,0.8734475219908777,-0.124648057568459,1.6168638107806215
-1.4047055251206553,1.1390150633488052,1.1104552471724551,-0.16187284020071596,1.316436313969719,1.4035567891176408,-1.7198475060593894
-1.3393162373459166,1.2068559711143076,1.0878131720970334,0.747406790877623,-1.5023193509436767,-1.1549187533402097,-1.5761205554945803
-0.4925195546630362,0.6762433124586916,0.1317785252973447,-0.5792834290861791,1.7560252961718004,1.4946696129520332,-1.1973271293946184
-1.3998931781398323,-0.11703874796838391,-1.5833351109335494,1.3190759708224935,0.559863612498704,1.0734121280988338,0.030503356719694393
-1.3011637124935629,-0.7612633118734627,0.1911985610951937,-0.25350712926820934,-0.43022229061356837,1.1954409249325628,-0.5485448408684084
0.3421394742753769,-1.4670349750938028,0.4245080939772666,-0.7123281331428742,1.577461442075067,-0.8100048695329927,0.023464083280042673
-0.6851447912043492,1.0392220802983905,-1.7885092870054244,0.7007546565217115,-0.5311054801032652,0.12212453552806084,-1.5329197061207438
0.43898312843918197,0.1960612620793228,-1.0337142249156528,-0.8852994889901448,0.04334530357465114,0.8149940933705216,-0.47551172746879417
0.9501547222423627,-1.567432593567348,1.3659127596320808,1.6113303700395012,-0.37983229962810905,1.3207897213484254,-0.47520976571721074
-1.1060402921507975,0.8069088259597491,-0.4645007248977668,1.3220798447859001,1.6534805622824849,-0.1256193791087184,-1.2800253521874714
-0.17537670352106013,0.5079388750679147,0.5195029195236984,-0.7586874920693748,-1.014313907280719,-1.3888048974749803,1.6683109318494667
0.02323403428232589,0.5693382790809804,-0.43444623234676477,1.511501986645687,-1.3397043488348248,0.4864359304902228,0.03306851319177093
0.9351246624006923,0.7882323076270303,-0.3261457886270847,0.09734424525561958,1.3671027867062415,-0.8428942939155863,1.521569067306271
1.699794424132112,1.0949871341709156,1.1452841423843345,-1.18795331077243,1.6427380129689804,-1.3358307374408245,1.4854550386138743
-0.38935026357609864,1.5024288433745876,1.5615736861529965,-0.6546637035506877,0.48942823068526176,-0.19142094421644731,-1.503931168251204
0.2507790860747332,1.085859187570896,1.9229529423054685,-0.7671334221680279,1.1116790119619682,0.7381450049356159,-0.17651262119496203
-0.27518509894840676,1.85342664116939,1.4403649134341612,-0.6957632510405326,-1.6182369168424056,-0.6563939748642845,1.4392643640566782
-1.2663045922231082,-1.9084651310240623,-1.7073305517029025,-0.1816108982439628,-0.9959732356930165,0.03273731091156603,1.5126467620000412
0.44195726613600467,-0.26578860490735123,0.33343186694372184,1.445295303791529,0.051928129768878804,-0.5877086598087199,0.6634924355070349
0.8093382991777871,0.24432668138612584,-0.8861293910986743,1.6494315677664566,1.6339655862994813,-1.4045285058228778,1.506530764443136
0.1362978734499435,0.8633016829214164,1.6703847746478386,0.1231490545618492,1.1924581053529744,0.7338961580605884,-1.4085359353313949
1.2070855434696421,0.12014987000277444,1.350216937032097,-1.0545149653927177,0.32254104551361035,1.447070081200411,1.269830671788145
2.177655306450124,1.4599357341164578,0.07377505974978744,0.10476654430694543,1.7256263464588497,-1.0902645380941465,0.12707556374782206
0.3770427748417434,0.287240130919373,1.158559721296754,-0.30010210356669204,1.2007767670003686,-0.27052077083354487,-0.4203214299554492
-0.6820338855622332,0.9829935123159379,0.3857620689451101,-0.33382751380002706,1.1429857881357597,-1.6166225251565214,-0.18492829510018507
-0.9334938486982152,0.8527269768832487,0.5184511423452776,1.0635199886556548,-0.5533722728333395,1.6644049917837418,-0.4307846392198485
-1.0753937531405933,-0.3859249503259499,-1.8104653221012403,0.910020790149778,1.1515376758378653,0.0016915758448790355,-1.5709356275646238
0.234332506664649,1.0707809534207073,-0.28734151978691336,-1.8006522906786067,-0.44834401045329997,0.6431788440340853,-1.3463139147749883
0.8258013246171539,-0.9286426379995868,-0.73783080387719,-0.45327621510636246,1.1189865478896437,0.5971432731307708,1.325325583992225
1.2862979225890423,0.8787218218296479,1.4922580346264767,-0.01490305701795589,1.4837792069729916,-1.366317236269406,-0.9326992673907444
0.4715957510869435,1.1352849456861958,-0.28560646862598854,-1.7610044119903474,1.5732308395881587,0.2528262482775621,0.362754030406519
-0.07780117997432806,-0.8486453543516547,1.1988422520733573,1.3059742261329275,1.484575923052776,-0.8355731618760881,-0.9891614632321254
0.9452804327102188,-1.849886435453611,0.21611969822538696,0.5464821351744384,-0.029237552085802337,0.9471305250838512,0.16274033918168268
-0.42592555055862613,0.417853541076666,0.3251246996929346,-1.3404889940919187,0.3864663864431085,-1.1281079663055156,-1.4430828301179313
0.7086385742731394,0.6349134031811696,1.3182054471933415,0.4269286721646321,-0.34001472703156627,1.6646805743515534,-0.048290842690672436
1.5836073687107877,0.7134064508926572,0.20254964173491538,-1.2293258261785986,-0.6879246884828348,0.28665749322156825,-1.3112493442486426
-0.24777420419410556,-1.8377753984976928,-0.6103005198896623,-0.07927543201949824,0.6416566900087376,-0.8855068514798515,-1.250775145209702
0.7729693137477448,-0.1290014727523721,1.096298573932956,0.24919862344938332,0.39527173486734857,1.674221130503353,0.05381937494586692
-0.2999115319855235,0.7915468897226231,0.16174305554145588,-0.31404979484424034,1.046480485197253,0.7826963754807884,-1.7198475060593894
1.07828283199231,1.428606919134948,-0.2634988487414024,-0.5033205522498871,0.3461448156201197,-0.18618444263359557,0.7585454659153845
-1.0418459059671648,0.8520309305019348,0.9171113801399537,1.089045685283842,-0.261298403842557,0.39769751511224466,0.6895636496644756
-1.651216522736416,0.23365901057349475,-0.4665611855549798,1.5403192049672287,-0.43690849375925667,0.9357340755870593,0.05437689643202572
0.7788078112500039,-0.6007997156955468,-1.4621048390597202,1.3238839152600164,-0.6627899901728234,-1.4642623275726658,-0.016045465336786028
-0.7920013480135081,1.0978913439343354,-0.9535074500383566,-0.5943638532282579,-0.2910367555725142,-0.42786892384189473,0.31661203060978427
0.6693570344154464,1.3397571574914706,1.0407313419935627,-1.5602309446674552,0.49018980698552855,1.6394376490281473,-0.1556063091911628
0.011728002212005748,0.9587025473504659,-1.2554947631592448,-0.7558460210314557,-0.0871175872985018,1.0621695095621815,-0.5447343149462398
1.7826848958513812,0.58754880459811,0.5513498406833488,-1.7680223094199545,0.7158395246680608,-0.20637762704096368,0.025126220702631364
0.9128297342832432,-1.441257814927312,-1.7410911526601,-0.6359865515761092,0.11493997453204648,1.6018346569989015,1.3251374049358469
-0.2104834130831471,1.1069263418942565,-0.22530778882835986,0.7498666471394808,-0.826219309236681,-0.7545632414147577,0.23883428504650864
-0.048646808144795266,0.17314180653069272,1.566686954173954,-1.637807269123955,-0.5269745364406689,-0.0664853636182199,0.9045235312458824
0.693206277168786,0.577782011742473,0.6169889239367997,0.9268711618586873,0.43469193403875694,-0.06176046154512224,1.491154211608182
-0.5858785597154114,-0.29587706274765346,-1.0566057637279722,0.4078628394745253,0.8280375940017225,-0.8111059708202502,0.7704938536676873
-1.1072197553118985,-1.2715804175153846,-0.9553940913372119,-0.5752629398591873,1.1714434389718849,0.3445030138370407,1.0484530738658708
0.21321783431486466,-1.4700344750156802,-1.5042076014506718,1.6213262584550976,0.19111089216371674,-1.143039810668657,0.8396672132418777
0.12624213430751874,0.5763145388978531,-0.1429717450968214,-1.3540222123063934,1.7223435561656912,0.47404623397954293,-1.0773304738483411
2.0025454993231966,0.08991525309947702,-0.28625237955580374,-0.9236203942552448,0.7402885323619334,0.8330574822143181,-1.3000539788613714
0.7377043338031967,-0.5547725307340746,-0.9501264122544006,1.1506626647250462,-0.3608368961689793,0.23325300618884126,0.8325322350207428
-1.4707319678011868,-0.7189923675144267,1.3679133319986878,-0.15206666373737052,-0.2909114361707079,1.0175839385824552,-0.8291657374311195
-1.4726393780879328,-0.26744084186740047,-0.6741598067548638,1.512083534684563,-0.5063955649222265,-0.9341290790829839,-0.7517701415110115
0.5864837090141488,0.5834419339081081,0.353000901073089,-2.014410879113492,0.570131298332289,-0.0386112681474508,-1.4638884216955246
0.05532225521728664,-0.7847961043042105,-1.2976981002008496,0.7374805071209237,0.7330313987497219,0.84805867346172,-0.7115484092652896
-0.032567791215608675,0.4544006289957115,0.7925190366569501,-1.110360943845914,1.4038096591727756,-1.6712649991065696,1.2424287214368765
-1.0706533905234334,-1.4212221989404488,-0.9149001381006732,0.2748271985555463,0.6239538311314458,-1.41455406827072,-1.13181165819259
-0.2353783783729977,-1.409941784131979,1.2216255813795633,0.11131534371807658,-1.4602351514140437,-1.7393578390440725,1.5880514669444739
-0.055430613926578935,0.0012961885232246728,-0.03655987484400559,1.424711360740184,0.008471661327267609,0.24315846347465792,-0.4570630156966162
-0.18997998485096168,-1.5629020176511432,0.9922177040457966,-0.3154077680780006,0.8022922373760504,-0.7997993355929363,0.5908265978025704
-0.49473402399745303,-1.72060688332602,-0.27211838242931286,1.0484067993444668,-0.7312712328758068,-0.6107802197136853,-0.49220575230972347
1.5475065952713987,1.0577416550783871,-0.4476096806923265,-0.21822357033788228,0.33973701293288194,1.316032285876117,0.2052624353126627
-0.12834927729305345,1.0161532997971683,-0.027086550990047666,0.06151955750614846,0.5252115470964543,-0.2359637809047414,-0.6960576676684246
0.756715585224371,-1.6018708063602523,0.27335468531918,0.7342366733866749,-0.5131906344819808,0.656465785762451,-0.5769913598788878
-1.543151765325009,-0.5961794254347842,-1.6574012469609651,-0.6664742339523383,1.444299177456112,-1.199238145883513,-1.0904088504499785
-0.7272449144209322,-0.8964799849086754,-1.8314499596661944,-0.5723319368341008,-0.2531477001262011,-0.34731435461305504,0.4060528130584002
-0.8496517826055379,0.711742596781762,-1.6276291741276023,1.5466173478503105,-0.605648565950762,1.0854723728652085,1.0169142279422136
1.21728551653423,-0.059587746869038706,1.0558351658752556,-2.014410879113492,-0.2360722594001691,-0.6333549695322778,0.05007127097221308
1.1782229555411867,-1.6390415464570547,0.7384740758335554,1.4833554991771347,-0.22274725511655866,-0.8567273707213456,1.100086118292211
1.3254308148693923,1.2705895621080836,1.1288368982548378,-0.1190028514886389,-1.11410935871678,1.4510246852672204,1.0627326751020203
0.8003483259253273,0.2421971658230322,-0.24362913387155277,0.1613133423092521,0.5102513809793194,-1.1716374204675062,0.08653775910367015
0.6706033055055157,1.3824433308149173,1.6120934539607852,-1.3017201417703383,0.40362019855112974,1.2521096501230524,-1.0818301298319006
-0.6216138127917036,-1.3250019919431442,0.22430045391681816,0.2588760967993359,-0.8583485712844124,-1.1140335955240726,-0.41611881024999675
2.0866782006698736,-0.024337005020657505,0.6970808254443793,-1.9196531087234383,1.2153996927738568,-1.0395906933109968,-0.25285382768471637
1.5106023833769995,1.2705139684716447,1.9297589522588965,-1.7765491641018663,1.2047155207939741,0.3798310595861379,1.3637715886432629
-1.0012655349694526,-0.028282037370954177,-0.11940478302122573,1.1281717240073736,-0.5050056223599518,-0.176803607750428,-0.9174010652565385
0.13582710955478325,0.9159867305701659,0.4946902463630775,-0.22923359188798528,1.6118451625917323,0.22021186613784957,0.8850531038472285
-1.7082119915733258,0.8332000382150684,0.8469796510833326,0.64200464245334,-0.5134170201873061,-1.5185515138259524,1.2801114999503018
1.3574767191909511,1.85342664116939,1.245352620810287,-2.014410879113492,0.4154202131156578,-1.4179673166895337,-0.21267775599302477
-1.0611051508444864,-0.5386008430675904,-0.6759025492937988,0.792432117951645,0.08693781150882834,-1.4681069371449913,0.6867014784179014
-0.30129982709407027,0.12567689738904644,-0.7765443340285499,0.8974259986208077,-0.2934072867539809,1.3651651822875355,-0.05379208601530576
-0.0759322746193788,-1.2960498825815536,1.0612618667153493,-0.23238243025562264,-0.44550453214063246,0.6702528831902727,0.17910128766378944
-0.4969543169515559,0.40921927823477944,1.4909483819741063,-2.012848770957431,0.069243499747776,-0.21745411246210664,0.555227607149787
-0.40812900382108336,1.5204326819267966,0.026755593770132313,-1.4844814830622142,1.0487877455766326,1.3531250729834547,1.4908623652115633
-1.5194785637263402,0.20498745418252454,-1.0387171230266499,1.4133557419989669,0.34972114416663597,1.023554868669989,-0.852450926890646
-0.8731015426569357,0.8450336232362803,-1.4503211109984284,1.5630210504649444,0.2186032662798978,0.21367758485238106,-0.6406967889750613
-0.8580487033042715,-1.3192378705779213,0.3376630248146708,0.21255168203403121,-1.433179635647229,0.623510548229903,-1.5881376753691552
-0.6340194656217056,-1.1009606453826215,0.03450662271021514,0.05983909073929252,0.5438540275240765,1.3128919601111053,1.6863666171921863
-0.27265292391746965,1.7104505120909312,0.43265654958000765,-1.9260025323544503,-1.5296722745347697,-0.8095763855017793,0.25881041388582926
0.8362742959960389,0.9990421531190199,-0.9581071362136652,-0.22002854826024798,-0.5975194747593039,1.4919268951240747,1.6311583843072264
-1.092626829063975,0.42660798757778606,-1.1741283350603502,0.8514387279774112,-1.6569528890894265,-0.7329985504634097,-1.6415773733112726
-1.6878977454717987,1.1355653775551655,-1.5968717272857815,1.4982575353915029,-0.3672572836715781,1.60121817186064,-0.9063169399265708
-0.09670868023941451,-1.771384929640136,-0.9142767073299815,0.16068499135054556,-0.45914604236362866,-0.3254948980716155,1.1640570630346003
0.3622681867926859,1.655383352847038,0.5491241455678475,-0.4313003580521428,0.6515814225558575,1.4679428262165932,-1.0880341637559745
-1.7470789091337378,0.8990362175440592,1.0597727057495394,0.9770903465055976,-0.9295382799751659,-1.195233732679104,0.131818567771813
0.18700325543988106,-0.5528652261623442,0.9110493258582922,1.117138238918523,0.19487783833545533,-0.26459032337970984,-0.5779147568817237
0.5259465286708324,-0.2877860074362475,-0.3487047258332579,0.4053149446167069,0.7124782802151087,1.0352479351008899,1.5619175189141516
-0.09722935758592005,-0.939869760357298,1.2468275493834275,-0.08592222125738484,1.7722882332961087,0.7976748992020966,1.4065175699090884
-0.05630307947756251,0.12374061002287973,-0.0632005309778705,0.7172382704023159,-1.2283331639114836,-0.6771049778130255,-0.8193275424197778
-1.73214685720447,-1.7917085882767922,1.1023778374140598,-0.6421370326427595,0.510249097731445,-0.21357238700458736,-0.5244535655486818
0.003764717434582854,-0.6677847046426463,-0.8185410809608865,0.16346379235718603,-0.9870868268654528,1.53316350423892,-0.359741728686952
0.6453806519314701,-0.8295485343207184,-0.4777557414327235,-0.653514072009688,-1.192908992457272,1.0520966705267778,1.623296943178803
0.042319381667828865,-0.6180201326105107,0.27123866276993597,1.0313953383055963,-0.4648425283941261,0.09666057511881668,-1.4998182031196712
-1.1398698354624324,-1.1469683245919704,0.9022684708440444,-0.46013511112593347,0.1615796833690384,-1.6677308909421653,1.1645751192821412
0.9214195855946697,-0.10767956517832447,1.3483166146177588,-0.24272732925004264,-0.363095722096122,-0.6627512410019021,0.03246821359351988
-0.5815367424870687,-0.711402071775912,0.9071302006830102,1.0503118519803447,1.6803607066929438,-0.5021271908529492,-0.03405291293781107
0.7705604099609062,-0.6946346318873426,0.3556798429425204,0.5347776584389884,-1.5068258222116568,0.2674340997680318,1.3890774680688744
-0.42479515974261495,-1.763585562780592,1.22489811581363,-0.5721566619807993,0.02521874520387549,1.674221130503353,1.213930615046266
-1.0913660675676367,-1.4897925405375023,0.5829870274497184,-0.7831686341158266,0.6186600760001351,1.1586015980421305,0.29522808849270227
-1.2347620868147982,0.10401642461218538,0.2686494561236741,0.15846754311134847,-1.628791752166958,-0.018729006010169517,-0.43309611375012175
-1.4570323031812544,-0.25409289810321856,0.8850022233026734,-0.40942228486636445,1.3327508635460372,0.8845799700570359,0.3168872067946237
0.9942721556946322,-1.5532936830374366,-0.8455011465086596,0.9267505876247365,1.0152934669633353,-1.2826341846055418,0.667866664113293
-0.42977237645041955,0.022967176848019973,0.9064687355551766,-1.577681124202801,1.0879623784093384,-0.8252336416075262,-0.9950587656699745
-0.6176022635380355,0.39465167224345077,1.1921805230173712,0.3808507553732623,0.3582596813054546,1.5808351383735282,-0.2969533323206092
1.0022103477970756,0.6243989031950123,1.3260038138258732,-0.5339548620208481,-0.986464087647448,1.0015949030692641,1.133655570460921
-0.24850193924413422,-1.898468538962003,0.40361292048299174,0.039054045041156685,0.27497220718049736,0.06550619965118026,0.011704941123891645
0.24668454361470843,0.590150926042683,0.026734992105947156,-0.8509338942776337,-0.45051274543139336,-1.238725394570414,-0.9947760352059278
-0.274995382389028,-0.44239460094192445,1.2218679332377382,1.3525966812966015,0.40663809387056393,-0.13449757611668442,0.30743182853905415
-1.5114717713829622,0.4534397936367439,-1.7429576402199904,-0.29920418674745364,-1.0708546909275287,1.674221130503353,-0.1301888211078467
-1.7594087928110125,-0.786594302950657,0.9905703438117728,1.6621337826161664,-0.6655525608702998,-0.5846212366890227,-1.2269435675370644
-0.41079784977711137,0.644846325622317,-0.2002612532050059,-1.1496387844109783,-0.5452506634170763,-1.0469960151212325,0.1666965685362493
-1.043472117846969,-0.23108806982309174,0.2012620246547136,0.4308815362612171,0.5601026637794443,-0.2484592868118316,0.23083605113010036
-0.3957367798156915,0.5161387126114074,-0.8092571170580279,1.0041611044381782,-0.8028319050845764,-0.20022887594035907,0.7194137390848764
-0.17971067017198986,0.9024205719962407,0.8615148659194073,-0.013878618047657746,-1.0464465231100597,-0.3674633785797975,-0.07290063076555545
0.049236462663200704,1.0976834272355644,-1.684136603024577,1.429170624555768,-0.2994146308401949,0.40707918203512744,-0.027784806753543927
-1.7594087928110125,-1.843329002844643,-0.5095277298728496,-0.8036009120638701,-0.6576960281155269,-0.02490748679243226,-0.12355584319454324
0.7973901177432228,0.5451967589432049,0.6813666487060254,-2.014410879113492,0.6491430010179944,-1.5913398093779154,-1.2244448156264687
-0.45451386357538237,-1.0415601623223327,-1.884522909274951,-0.2970774531858408,0.06161978768043933,0.08704908073296806,-0.3413071514434217
0.059971212325496986,1.020159418586871,-0.31995140137172934,-0.05703659947453171,-0.2303904795950433,-0.7724111438447455,1.1808278134789087
-0.436190059455876,0.01239373397466908,-0.9881328876052136,0.9669026836255551,0.9738995575053058,0.11856840793954364,-0.9163675140212306
1.3141628797574367,0.13453483875773165,0.3240886518024599,-1.7834687227251715,-1.236068494164716,0.9389937161783896,0.12333114590379075
1.1025183791219504,0.24246577433224278,1.3016496027114342,-0.6788557563316469,1.7722882332961087,-0.7232886880382408,-0.2268913650669757
1.0089070368540305,1.6347480692730154,1.1438955811649525,-1.8057405818821208,1.6610472032905188,-0.22605968125019632,0.19010487688095853
-1.5722027877567528,-1.5305427730108878,1.2576210231513272,1.0072487148444893,-1.4472769890194128,0.302178256601837,0.948914961469455
-1.3708667222271267,0.9831007031673937,0.453753741163066,-0.32510219875332796,-1.6230787055036433,0.46969012497734586,-1.2114870973046845
1.0481505479464928,0.4940584648359096,1.2151451245537666,-1.8010574337155378,-0.31105057082225385,-0.8805092037959129,1.298348333821928
0.9653656268444574,-0.2834283820806735,0.8763240299983182,-0.6634317855224374,-1.1419137240750417,-0.52170405805577,1.0761458931737655
2.0549707368589365,0.6568423517838156,0.8515541363261401,-0.8588991925460913,-0.5915513540443303,1.1533101269197632,0.7878038773982462
-0.3014271387409829,-1.242258233158093,-1.8205547581736767,0.7399105060390652,0.2477553128034225,-0.3178833486054257,1.4260113988021783
0.1763224589450548,1.0156438587503693,1.180646902769346,0.5462063721767295,0.5138265296577401,1.5127580029124679,1.0468017558791836
0.48746428267584313,0.3775741006086891,-0.19710946125214845,0.7085988208698779,1.302717527891702,-0.9017855959930584,1.6485065326019173
0.04950919012088694,-0.4157711453173796,1.334753641677642,1.1396058920060232,-0.037389174550403956,0.5852952558166336,1.3223247142517616
-1.4501733784025181,1.1639322997028905,0.8730156804442935,0.2973498626933999,-0.17694864019982898,-1.4622707422005419,-0.9495624669346127
-0.5535509152787849,0.12649396327938453,0.16277246168920678,-0.5141641084600814,-1.40033202684028,-0.24694328709605845,-0.1260136935245843
-1.49342611205482,0.6079345809469253,-0.5743786605395644,0.3406586544227263,1.4524595641566715,-0.08537206667529829,1.6886469935038269
0.20447378990701143,1.5180599043094891,-0.21100116131945318,-1.234189660541416,1.1864512638104006,0.06175853555502442,-0.8380070139593764
0.07890745521910128,-0.2749504709001229,-1.1506970708640532,0.11424053192090107,0.0014493909336318303,1.0916577521354347,-0.8899543713894796
0.6406213617106361,-0.9825465085901306,0.29904918374708633,-0.14380253577277197,-0.7602557841225236,0.12432293687917989,0.18092050841857146
-0.1830209110554323,-0.4409071250674645,1.3376033863278824,0.8787607140680469,-0.9067935828822326,0.573187250767969,0.510877700740912
-1.3146403445108092,-1.3638481208979838,0.13969885929504722,-0.5117520915123809,-1.0061237575680693,-0.848108395260303,0.10713301304353215
-0.45384109882731793,-0.05491802905191747,0.2505421131685208,1.2782475650622056,0.8890198622071795,-0.12430209956540128,-1.4442352378605252
-0.27271616923623443,0.040636728176499694,-1.3932526402328964,-0.46273849184394716,-0.1459680102088354,-1.7148020772651855,-1.5646547427068684
-1.7039106059013374,0.09973497056889237,-0.6887477906005892,1.1214897948053688,-1.510944688188925,1.5245869997219612,0.8445461840867458
1.5312783621658093,0.25783345975896516,0.5084162157753526,-0.941582103410947,1.135901169018972,-0.5442145389307387,-0.4749158465551518
-1.7594087928110125,0.4830840519031457,1.1124468364207125,1.3574009186553182,-0.025471073776999902,-0.46564248226096544,1.553461541796677
0.030182748278044944,0.25007977409701676,1.265237121167119,-0.12397614292874838,-0.26090070297003126,0.5504189644806184,-0.29599166955280964
0.2855987059204335,0.07819267452692155,-1.5395508390454966,0.8846049472594613,-1.0813849172610939,-0.20043422747973924,1.5030485314274085
-0.004236639704882533,-1.6935174957803243,0.8070872085760177,-0.827038117831207,-0.3178443855762758,-1.2743286821130237,0.8723868260572235
-0.21423261611554298,1.0123996096356205,-0.054194241454834334,1.7342621134982632,1.5901859864807322,-1.7393578390440725,-0.20988147705795654
0.865869144239558,0.4168238909800411,-0.13983235422783044,-0.6154621077606681,-0.14971686274296153,-0.43049780057591563,-1.0243559995043015
0.4664910268660526,0.4442359047327779,1.0722134488093726,-0.8663526033473313,-1.5254818769195595,-1.439555137179744,-1.4689167061066477
0.971494720614799,-0.8567527546278865,0.27275480502359173,1.7078685862080225,-1.6453791341423054,0.5201887888031191,-0.03421840798335527
1.3862488633915913,0.19576924872606477,1.051373393975816,-1.598990301993284,1.308258019211179,1.6288562116314311,-0.2880841700281141
0.09870093974100833,0.3999706599762276,-0.5083442453016936,-0.9465705624852334,0.24454883418133685,0.30183087617920373,0.001211836494690157
2.1675643970172973,0.08480582469384076,0.8915292110093491,0.13365596054908122,1.5947818825350193,0.3685551899158592,0.0749326075147486
0.35865870790343674,-1.1633547898784051,-0.48071552621600416,0.8721191782230695,-0.8570821993939587,1.0977744615814298,1.6886469935038269
-0.15996809759416195,-1.187512929641817,1.0771619943486204,0.5807231336553662,0.3324862680691319,-0.7975832345752525,0.4024980956618259
1.1185265447510266,0.15909341371356123,-0.006618040517704227,-0.7070869612893727,0.9478344623994676,-0.028169379125000227,0.14429081446412245
1.1142196384810372,0.976274186429638,-0.344320094738989,-0.9468075447012163,1.1003659979864144,-1.7386934418157052,-0.7997144405909826
0.0946993596335561,0.005845908763544177,-0.09333092303386957,-0.014018569674611393,0.8567120005063086,1.4709165713078967,1.517247531834278
0.8966246498549332,-0.11784386530231708,1.0757595356569591,1.560981437441929,1.3564310689935672,0.669238772683894,0.4887229915228176
1.6118804960860016,-0.018675563102747924,-0.6731483925389807,-1.882546192731662,-0.7864124033116379,0.20805916340077552,-0.9808191104298384
0.5758818786502719,-0.9670684513144093,-1.44334167514228,1.1600584162821164,-1.35725957890346,-1.1142364893211334,1.6886469935038269
0.4423776151092337,0.4795643522684296,-1.3226136791347303,1.140458921586894,-1.5774354152385694,1.1306960999191766,0.23525420147200557
-0.032600409148579604,0.7406625537815469,1.0865901070391164,-0.0665877061692503,-0.5401315427678487,-0.25226991582516306,1.0647214990180567
2.177655306450124,0.6024466427601393,0.33927766115275343,0.02779147447441658,-0.5565160529512534,0.09954667208975722,-1.0648993922994414
0.474119529129135,1.8158208367607123,1.9297589522588965,-1.3632700581198762,0.7762220835261161,1.1929158215997462,-0.31219267967050424
2.039376725748746,0.8781360565425126,-0.6201587794747726,-1.7331019994628591,0.24815404723034942,1.4820099303458845,1.0437598757511033
0.46523436208368174,0.7048087281592801,-1.7237271802957372,-0.669913779047103,1.5627553202906264,-0.8237150789813285,0.880084504038312
1.571862794080712,1.225894463735273,-0.7329914794495318,-1.1947141026811985,0.04975445359134208,0.8954664747651528,0.9771627495189781
-0.4110434259458237,-0.05304553547146282,0.7575232755675234,-0.4853614891751253,-1.4932423168216402,-1.0258781379112327,-1.0874059322565335
-0.801326357271982,0.26618449170129577,-0.7628733882826817,-0.398482620395439,0.871136540744721,-0.08678833383673608,0.2089654262656191
1.155832223223731,1.6834136012562142,-0.5119609279126728,-1.6583803614105377,1.650287592207023,-0.7031779143661455,-0.13091984913115068
-1.531014698207145,0.3373807912179697,-1.4729372678689927,1.7342621134982632,1.0794631890038822,1.612652410521507,1.2945507090433939
-1.56794675725929,0.5258123221211086,-1.8561976422969217,1.3755308748311232,1.4894702991159299,0.08093229373930652,-0.28276260554024624
-1.275502970700612,0.27611350466659973,-0.18780082654547664,0.7762366798644552,0.5457425678200701,-1.0994053105742891,-0.16694278447228966
-0.4869639354339261,-1.9181713548609258,-1.5913042566110374,0.6209031190535532,-0.8719438168444996,1.6600734255627758,1.5524443039106417
0.38349491763506205,-1.8829965611125656,0.5418158309589348,-0.1062023407778828,0.280274364442128,-0.9966417976980593,1.163315664609177
0.9703047996587386,0.9579607062856007,1.6538696320009478,0.04525962830981285,0.3471424231583887,-0.8833029731226817,1.2276660701313835
-0.6980231771899533,-1.4344302619226383,-0.531329842959725,1.4921100739164952,0.5599961547570244,1.2555044740475658,0.8634294618815629
1.5957001778602937,0.0008845056924460998,-0.2602146010828851,-1.456263347463284,-1.0748038362642343,0.6007604477943355,-0.8184898070782011
-0.4040525886376097,1.5939522672511133,0.5741139107423767,-1.1262522181057295,0.24152639864937436,-0.8849710474620438,1.665673217042399
-1.1043847991240865,-1.1888676873688475,-0.602527194653235,0.8141246965170468,0.6941955902979546,1.4265621384048692,-0.5045940349291528
-0.47514437222197925,0.30778517202199723,-0.7224868654946235,-1.699794370975958,-0.5970838861957156,-0.2288829302844828,-0.23286338504120113
-0.46037566381935696,0.42243035244004545,1.4420358975305652,-1.859669847271428,0.378513911203183,0.8987250645812009,0.08862534838230784
-0.8833449212053253,1.0395981541713633,-0.16662390012634293,0.9904605661530035,-0.9357536611510915,-1.1047664114565705,-0.9051214391583337
-0.3821518089538287,-1.8927352192651936,-0.3097216057901509,0.17631313895121484,-0.2055323222101283,1.1066515587649368,-0.11158705734030352
-0.13210236855370203,-0.003949264673715091,1.275429072407645,0.9197566648889447,0.32447780106279356,-0.951183584928296,1.6886469935038269
-0.3878496126449069,-1.745879328767295,-1.5748308590647981,0.7114785402184408,-0.3593257029470981,1.4014500317636547,-0.14685466339310382
0.10822907149199554,-1.443126232290489,0.23147983535429079,-0.8493409013007012,0.42132104799178194,-1.5712356629972657,-1.0359366827262089
-0.28341106640533814,0.9853920121992654,0.36337049170239016,0.27380139219194427,-1.0901673484802963,-0.6226677254717954,1.4070581611448745
-1.145611298284974,1.1520929731395684,-0.36153721643213843,0.1315266976515191,1.0886525161511946,1.674221130503353,1.496525999741871
0.30698855652798646,-0.39565918680053735,0.4833878532504924,1.0891326349042298,-0.5684671433667979,-1.508921738196202,1.502279916225785
-1.7594087928110125,-1.2701763067246246,-1.869540411862682,0.5819022846943714,-1.5806505108283355,-1.2080767029796546,1.0502783309758046
0.7968978262728067,1.2049085451926786,0.21172075823838654,-0.7551441651330354,1.0737623532956864,1.4126913306924638,1.0453228557721346
0.6101141423932899,-1.3197293338736658,1.1398152296793218,0.0505770497779976,-0.7063394723158131,1.167710288297389,-0.07176603848076521
-1.7594087928110125,-0.3250351940440841,-1.637234502374938,-0.846127860233333,1.5951748767788416,-0.590600991497297,0.9092723118131693
-0.1540194979663519,0.5443698295292718,1.8287296633833499,-1.267081789288121,-0.8104213277071002,0.5836332748240776,-1.1010021184295626
-1.3288175465548229,-0.9986811551873045,0.5371566208452025,-0.4869384508041887,-1.2803819949281052,1.0924006436504436,-0.15062223255487048
-1.0136581058463894,0.8222554465243055,-1.9334006670849002,-0.16089243490187777,0.23909536872947662,1.4610335552348956,1.658162735729144
-1.044509193866904,1.138173693043985,0.8339714161802986,-0.553973940584522,-0.8303579972367745,-0.054733311683611376,-0.9410007040572638
-1.5761746631715294,-1.598589011514673,-1.3246112430948205,0.6492200900249883,0.21002093054539342,-0.3844389593284646,0.09966272055041828
0.24622593365317247,-0.40481713458097895,-0.5333468939667334,0.8853686589576228,-0.30824281817609517,0.9532036947514659,1.429033207785967
-0.08027326637127577,-0.08534563964951083,-1.5036508482503907,0.8787735572007277,-1.0544564256382332,-0.04083790414427672,0.5962378272322219
0.013714459754321185,-0.41642044735579886,0.511734373207221,0.9255369749311834,-1.323548936941052,1.6364955547128477,-1.439316452891087
-0.985367427605301,-1.2508297625481097,0.5855507373924242,1.472940084475876,0.2860420737305328,0.20442464343109942,-0.3210095892093267
2.0106186688238967,0.38697708525916796,0.7261279033211695,-1.6225842329243172,0.672656357406589,-1.6951657758352856,1.381526909627918
0.6659934249059559,-0.7170390235932389,0.3084861910426744,-0.5778606163159634,-0.4912048584121091,1.410613223268121,-0.6091794382040453
-0.507316622643957,-0.39146237508933884,-0.28093943449462505,0.3168292459165542,0.4011880993480492,1.4809584515105407,-0.11197264612742192
1.094685940351601,0.6563470000504322,0.7786220933229306,0.1050238670862635,-0.5011868205942136,0.2303644835053586,-0.12709068800063525
-0.33215248071852643,-1.8769731387289819,0.8905578748181392,-0.7357531963909574,1.4912676357837964,-0.34805435797675205,-1.145847509782394
0.07106836247310434,0.5886434625373471,-0.006856376984630394,-0.7400265492336995,0.6215772667089812,0.19153813119791563,-0.4322146049903777
-1.295098184125697,-0.06659039196494858,0.4254992923205154,1.7243773317124167,-0.29393621388132285,0.9823236177162329,-0.19551052265837401
1.0148544533630883,-1.3362102191454825,-0.23828712736901123,0.9661373110824472,1.7722882332961087,-1.5473623056239303,0.4076625484157311
0.27835091441618315,1.5980060629750923,0.7597935165794114,-1.769429751182726,-0.6742100317920836,-0.6731228959058215,-1.5733301457780384
-0.6642583866370427,1.0025066295324319,0.35897506770309867,1.4392332079040107,0.9222874027087309,0.3947776914071693,-0.4989889848188279
-1.2612520536646012,-0.35632494977815904,-1.557164951129145,-0.6078821596564846,-1.369379923944003,-1.3313352019496285,1.6885841292147756
-0.17995299164661369,-0.8570237391981241,-0.8657253613858236,1.2651868740420777,0.3196486371687604,-1.6125168876034786,-0.24666517403509047
-1.191931285182031,-1.7843671313200704,1.0240980723453161,-0.29904788172132846,0.9772588620006656,1.4067985595116579,-0.33654172027059914
-0.6552585164822087,-1.5563487715878574,-1.8354021489848942,0.816700102221508,0.6334061199864355,1.674221130503353,0.27699065404615025
0.9280523343426227,1.1997794468401815,0.6916295040558025,-0.19654035792014818,-0.6651743576531338,-0.6819128936434998,-1.3129015664235244
1.1992158629474665,-1.345960568950573,-1.1366124858294413,0.6176660639128888,-1.2073725749869697,0.7927790145408634,-0.1882533129546933
-0.07175357325432158,-0.9341701065170782,-1.5107749649689313,0.36042976992966885,0.2333938021398531,-0.17402469394760578,-1.0306197567088582
-1.259657282912167,0.4652142121530851,-0.61979723009235,-0.8392515107818731,1.7170698847044372,0.4767739953311657,-1.5010357477118406
0.30076470398637084,-1.8806778981838057,-0.6697222459325536,0.15363184633704316,-0.7188963169277824,0.8052139746981749,0.2071830001281578
0.4515027680364811,1.119692384326243,0.39602957418409307,-0.7860656519911055,-1.3587190474714117,0.21470207898751353,-0.7784212526718078
0.8341921639575484,-1.2482434555614956,-1.7390527756293224,-0.5040916902315311,-0.0954565363257015,1.1397537254696912,0.901283093041299
-0.2495122073643389,0.43213858489193346,-0.39281048625847537,-1.1402172814920026,0.821349676620195,-0.5927346836844031,-0.9166935932985226
0.13361168404738244,-0.7090412968162928,-1.2681265940250042,0.7597009866347975,-1.0391877239387557,1.5878009818645202,-1.2837870971998928
0.4043076998929342,0.12020138599579759,-0.9078026057961271,-0.8002929789352379,1.3745615497956167,0.4850842498972249,-0.15068506844662607
0.9518287733148147,1.3212618567611822,-0.3825650616457008,-0.9298049423374093,-1.5645585127758561,0.23081063463258775,-1.6194408057478644
0.8968834929318045,0.49691280862518356,0.7956883817428357,-0.9212433636785149,0.32494295186693073,-0.5140312361480063,-0.7175240563418434
2.0075822103714205,0.26631716619647533,-0.2441207431346086,-1.6236595527951132,0.8719867178087273,-0.02049808709073342,0.9378181024365483
0.7178269961878239,-0.4252679681119275,0.7293091645843615,-0.44127824173752606,1.1367304807643381,0.0656840591632804,-1.5222447687080292
0.7424924908792837,0.529722245525796,-1.0566991902223761,1.5304620662999628,-0.288313208620737,0.7402418950619231,1.2817999916929776
-0.7027172163384728,-0.18128851414155114,-0.5202440016230335,-0.30520983259511714,-1.1881139202185778,1.089020798996394,-0.061826574000331064
0.07143620795175962,1.4721698713490443,-0.20603282240284326,-1.686063701226109,-1.0293051661045598,0.8851030546943468,-0.6135365447856864
1.161347147604247,-0.1865135859416052,-1.7183538456067287,0.7801563100889152,1.6672133913355414,-0.917742067692593,-0.2641302746221285
-0.23501062325520009,0.59647170649203,-1.3112105449571507,-0.5912486111957382,-1.3076196697672526,-0.686721369779151,-1.5341344522362064
1.4595346322708371,0.2696329737137846,-0.6269356148199785,-1.1386798947057912,-1.3213133976960434,-0.0137932700415815,-1.5045293261259454
0.4376273503801508,-1.6360778932880045,0.11895813023153065,0.8155358343781641,1.7722882332961087,-1.5498753789492496,1.5567213084532094
1.0779330752007377,0.9124965749775739,-0.3975102169663227,0.21030964159466808,-0.7012876510122658,-1.1510398380337241,1.0640039399999979
-0.636611476856169,0.154721571183864,-1.1993803338314826,0.650126137932186,-0.8044286934192318,0.6547920230797681,0.677923688418194
0.3198006777409743,1.0771707259995906,0.6893832802487357,-0.09553904785163106,-1.2681791754460543,-0.7384105003162454,-1.5556153681415117
-1.7034860914386813,0.8782505263782292,-1.5316640269590882,0.8845592603483715,-0.7589804497273684,0.7201386701409731,0.27505012830587616
-0.10202996575530536,-1.494128209602346,-0.1598920518499658,-0.457719977680656,0.4480955733889682,-0.1250908109738575,0.7135789577046635
-0.29318128055809844,1.2700545686698754,0.34651068872871515,-1.5543138219485177,-0.3451024428342113,-1.596963606698319,1.6473648718063885
1.0587359213622134,-1.1152166035713778,-0.345692564878513,-0.8304772638377856,0.6471153708559446,0.7943142788740783,1.2348442087601919
-1.7504945885094134,0.3630310121287542,0.6481508569191249,-0.7781888636629676,-0.6512786665873671,-0.3308833586017407,1.2325866379312183
0.2686581469245025,-0.2524308629972302,-1.771509934765757,1.711595688287027,-0.3822386855711653,-0.17771292951730866,-0.6786482417621499
0.008760606960412523,0.11389658741056252,-0.324933419256274,-1.7991786654706652,1.6944439545045449,-0.12228628068352246,-1.4542664452254315
-0.16146460572977342,-0.6158238633173415,0.5591305123470421,-0.4603959132860298,-1.3325233733244,1.5350335687386427,-0.02188792214473748
-0.33184763755603774,-0.0785585733376761,-0.2867102936137698,0.07897492267201144,1.0376692402339152,1.1096516732603772,0.8264399257266775
1.0251687679700567,1.1922777218024578,1.688122677429673,0.0986445089452838,0.7568071899742893,0.5427448466596577,0.2644920761066662
-0.22862194231885583,0.3852312911584183,-0.39921650384111873,-1.4362397789867023,-1.4847643876552525,1.6017361547043256,-1.1476662979431107
0.12778901334952927,-0.3614808082332145,1.0264112159152767,-0.46992754236706435,-1.0129336637978428,0.41400811282864736,0.4091241099557959
-0.6830654125526378,-0.6542972468424287,-1.7279653016511602,0.6597941583270671,0.47505155964943857,-0.1908181763142394,1.520620866794566
0.8363766749868727,-1.9181713548609258,0.06394708050990709,1.236266163072415,0.6094672160826565,1.6197590788130147,1.1858611381715274
1.9298607746157144,0.6365014351573496,0.48240603791797043,-0.5892847700940346,1.4395313902334566,0.9040526720602419,0.7831577562280386
-0.5680660400858205,-1.0669369907752702,-1.272472793504039,1.7200476326750804,0.9254298019156788,0.45234834786511585,-1.6682911621263992
-1.4751455252158634,1.2043321093650055,0.3319842933627029,-0.36754043932818736,0.5543349402363528,-0.7250957017183537,0.020661700244056377
-0.05343213341043171,-0.9401573861089145,-0.42294796345630936,0.6740128322923354,-0.9659122973412341,0.641575070537066,-1.0748463005394044
-0.028837475416134368,-0.9576688460926727,-1.1179724164146154,0.9108838207552881,0.8836996521815946,0.7578826612817777,0.7581457102666549
-0.8293923640801941,-0.39048643723442433,-0.467876418090381,1.4161202155352965,0.9814907285515851,0.6716609841889951,-1.452577141465673
1.052196257501093,-0.08313009525784913,0.8776162993535424,0.03712751846006357,-0.3983371242948979,0.5485948354064543,1.4242397224883059
-1.4757636543269428,1.0562917368976295,0.6199884346967707,1.6440120974808892,-0.909267853912638,-0.2834630233925705,-0.5103884750886201
0.7290920781595169,1.242697481451126,0.5050793456565045,-1.106684673240362,-0.2395579564681741,-1.7291679101490915,0.7904087968525981
1.1681405165114946,-1.6765968552608848,-0.1564991676006459,0.5250747210512956,1.2084300128527339,-1.025404668867257,-1.6814858548731573
-1.4021516995674952,-0.6591111061226469,-0.961530903058692,1.2702639968836242,-0.5148788520199906,0.265936253580509,-0.3170649322397899
-1.4916656384718898,-0.5096271442886239,-1.7258271580614732,0.5760991639538509,-1.6646276101889521,0.4320627716459313,-1.3610567960643127
-1.3380615371374596,-1.2598612429039913,-1.3017689536352062,-0.24131719813175015,0.050874161829940964,1.2453043334672849,-0.4416266797896109
0.9952488156724075,-1.2618499717150837,-1.361751144617772,1.0251055200502504,-1.4589836692486386,0.31848394868801366,1.4677011424306468
-0.023626772063131126,-1.7839679289099135,0.35201963005036013,-0.27527310713823133,1.3172044058345762,1.1374777322441165,-0.9672586888321275
0.39672019528909863,-1.104614005145459,0.6678410548684381,-0.15219821401903993,0.13767328866922873,1.0350543898912754,-1.5431059003389886
0.9247295406382081,0.45078462899447685,0.7518530634901704,0.18898149363115938,-0.32920619806472184,1.667999074312952,1.6886469935038269
-1.1001974344883396,0.6957168505179026,-1.3970282202505533,-0.22424969486755342,-1.6646276101889521,-1.0807903385278146,0.1306478662298138
0.15526410785103614,0.7336589275414589,-0.39024936324689785,-0.03692055470423121,-0.49317677077799266,-1.42143889181053,0.940590199391227
-1.2901210947902533,-1.2527874229799225,0.5412052385653834,-0.39357780733517583,1.4839563675560143,-1.3492274477928057,-0.47733691961637115
1.4876377271302301,1.5628138085960572,-0.44223997557399036,-1.638896577774034,1.6231667536700793,1.6014418522134954,-0.6063219031537608
-0.1522423662102653,1.0125630271426784,0.1446427754372168,-1.9964709167361923,0.7683799109569774,0.30289314680605905,-0.820649522271266
-0.7476523150603694,-0.09996992720765609,0.38114092474985334,1.2218155131253319,-0.9451532017960818,1.3591451332374909,-1.3135049827067162
-0.6533374355487191,-1.6348404913297216,0.18462175139217638,1.4748653679547716,1.1448344983140744,-1.484402723205198,-1.1587087709509833
1.1353866358051095,0.8041173774545523,-0.6443240692666548,0.049775995375620344,-1.42116518052172,0.0896547890709457,-0.20823228552666806
0.3915444835088375,-1.2128067398738647,-1.9033184727194845,-0.1902706736754564,1.5240386224975149,-1.2839389724044497,-0.7385279372103564
-0.32827240922274864,-1.412817299626495,0.6902575254374489,0.913516707282049,-0.07156434898333666,-0.2527755825999728,0.8349290148270356
2.1770330531944055,0.8895959788339856,0.48096385808703995,-0.8068343068558885,-0.9673732066561117,1.6570637800388703,-0.8101254609514266
-0.8397803308367958,0.02688365950139229,-0.14393330894816755,1.6619527138158892,1.7722882332961087,-0.5715512696501461,1.1488747333455906
-1.6066457538663252,-0.9933296663918053,-0.6831071593676988,-0.276588584214023,-0.4759330967431327,-1.048614020231496,0.1742308532605626
-1.3226916341552155,0.054567849503628904,-1.0588307537753099,-0.7548279518252511,-1.0489150337257638,0.9109501978467235,0.6975275929744049
-0.10148517125973715,0.729358390240304,1.5534136016093818,-0.6952325262560434,1.142705073297978,-1.5244799416429646,-1.4543350696204385
-0.32046719037209387,0.8097396008278341,0.38967060178571267,-0.7549604036501215,-1.6646276101889521,0.0968043416046737,0.937014371097238
0.5912105152025625,0.994524716928552,1.034766089117497,-1.8855797168624637,-0.21721820060237684,-1.5127386001541994,-0.6360269246483872
1.939491808054038,-0.08039261162973563,0.10354547954125419,-0.4178427157284623,1.6351019828247475,-1.5885746202629618,-0.5751703084221702
0.8763165521233459,0.4347606812893827,-0.7689509878273115,-0.4761532728785094,0.8978098585775572,-0.8268222346945855,-0.32176943782921613
-1.6114259471985237,-1.1871048117988319,0.28605305312045504,1.295777767910013,0.09092209619213865,-0.0904966948299218,-1.0242082744799672
-1.2898168741981095,-1.3840937205454897,-1.1753553767635838,0.6034187462123365,-0.5410588313702148,-0.4970358070971939,1.3653879322868603
0.09215747804959142,-1.259302444949154,-0.7295931744137759,0.9441180235948156,-0.7420678602112517,0.42098074217948334,1.6238470474160054
-0.1343125732213297,1.8350949337832123,1.6296394766956002,-1.5665138358444655,-1.5283232216321787,-0.9276773954622094,0.3935964465934563
2.079310973980281,1.0941977682736792,-0.01077305432754848,-2.014410879113492,-0.6580077718325381,-0.6122165064475251,-1.7198475060593894
0.676155662504257,1.4370283240298274,1.065586221488493,-1.1636736420245741,-1.6645994162046744,1.4091293354331773,-0.5273136595958052
0.6245316531436491,0.5284992134315355,1.8080608100301294,-1.9996423672087291,-1.4175108423122766,0.190915665414153,0.9986923849775315
-1.011794683704026,-0.0985879172347243,0.7369163725993967,0.728578162783522,-0.07261767741012394,0.9358144906967546,-0.3481564546214117
-0.6235593017748083,0.37603110946435986,-0.8989392663573073,1.3633025579563092,-0.8644366891373624,1.093691456851402,-1.4808837002351325
-0.20179702422591075,1.5722483714796094,1.0759913164886203,0.08852455061786357,-1.6542023713727145,1.171385564055704,-1.5724388848851296
-1.5582488662400218,-0.8430749417643955,-0.912118233074574,-0.14306585438534647,-0.40481993329954624,0.5103781320987139,1.062192962014569
0.6917547499597575,0.28283594283207836,0.4258281113562538,0.16402398347640365,-0.4292673866279204,1.2955311188239615,-1.5909891095607769
1.1480797967488778,-0.7284367987826638,1.0132651511016775,1.3582649444716035,-0.6390565741248208,-0.5179255314782047,1.5326903950805968
0.699519034768927,0.2807623982791329,-0.3675033849123364,-0.11671881603136335,-0.23500137467451124,-1.2926517503354011,-0.2621873948344446
-0.4595960080175061,-1.3971416012003621,0.5573301819403018,0.9176315361965112,-1.416300912303644,0.06386724086131293,-0.14954301955796542
0.33835524521274013,0.4376112032638138,0.15033325619601373,1.1222623845505502,-1.2818208950435668,0.8650618542299924,-0.31681645131967695
0.6011954816070858,-1.4653527237480575,-1.750208749807022,1.486914813253586,-1.317176559026897,-0.10448784164373072,1.5371938937193357
-1.1259666388246217,0.22283273970144596,-0.8649914079063148,0.4573303895314715,-0.9870052775516026,-1.0721578438841743,0.9230190881285443
-1.482781919150417,0.5966860751492402,-1.7210729170810404,-0.6686675300514383,-1.6535726123051353,-1.3943068543128245,0.19668361485587055
0.5355471904355179,1.3360964815296177,0.8806366245150441,-0.7669068560207479,-0.6604257032167212,0.17453132354423287,0.15169598585857474
-1.275189737946485,-1.4502105870506101,0.5753622049858169,0.9225378462710034,-1.1817656740457991,-0.9712884101548999,-1.127862548769481
-0.35926470027123625,1.0533673133738728,-0.6520632743246766,-1.0489668154871166,-0.3246126740835016,0.8732341030016572,-1.6986314665256872
0.1458985712026588,1.1734573654587102,-0.2759817406650603,0.4108282542522687,-0.5174686304257063,-0.6216058675569986,-0.4824392819693666
0.45214684538510647,1.58170790052467,0.8662655562107976,-1.9543934633927715,1.115721622471128,-0.3466067021690379,-0.6369500653094055
0.9037866765085252,-0.439721908559017,0.6513752222476039,-0.3206641698953353,-1.5135197855713411,0.6375680325945887,1.6886469935038269
-1.568435798506788,0.2789884343778589,-0.840392943239923,1.2659297376353333,0.385168851403095,-1.6934182970375382,-0.6676180404832729
0.13029801773441038,0.7319983845473541,0.10370313437218111,-1.4960037591072348,-0.25748156708327047,0.7269406825273096,0.8870453758445742
-0.20488657355395412,1.85342664116939,0.21875115104551116,-0.557300686391137,-1.4933482384202983,0.3270875236028056,-1.5283897479064406
-0.8811322179887108,-1.2326654857520218,-1.7547239970528459,0.24350490441667774,-0.5447996268286933,-0.07081260474945726,-1.3856430761747678
-0.30117422566307345,-1.9181713548609258,-1.5081490497093022,-0.7414588049940514,1.7722882332961087,1.674221130503353,1.2532448839939576
-0.6911833162415607,0.1708502817158884,0.5859000987504966,-0.32284103772985945,-0.914927072439266,-1.3193237508898483,0.7680667541837337
1.6569443142229137,0.7620079915915234,-0.27981933916462726,-1.323132563969218,-1.0686593687124075,-0.762145820565005,1.1826403268738213
1.219395581512261,1.85342664116939,1.5429317873850983,-0.18022853705390837,0.9323160907145637,-1.7271148760741903,-1.4568258921134443
-0.2662143370172397,0.7197750110884619,1.3255963398621557,0.8310808897234787,-1.1543980697116771,-1.603218711215083,-1.3049942649618682
-0.04761607572969329,0.3778189301256961,1.3250792874486568,-0.710259988988085,1.6386625830870498,0.5361537721800794,-0.6955703174285661
2.1315987106930185,1.3750141426231093,0.17090184907819203,-1.892255092520835,1.3805846928931789,-0.8642115605254556,-1.113336758066321
-0.7339346244073359,0.2246832696916856,-0.24123290566330086,0.5628596871890748,1.4796317985015361,-1.7118647905568742,-0.6389671286437774
-0.13206145027410965,1.4323282406082702,1.0781347408831292,-0.10193645975150352,0.6793489629834539,0.1277567029157567,0.024222199748765882
0.9827115871622898,-1.3851470464606574,-1.4377904631684073,0.04172255545199755,1.6458295403297645,1.6532087475658925,-0.2669021637275867
0.4568459483065675,1.0049382375337683,-0.6747631279296493,-0.852059899683075,-1.0816346461254356,-0.6636752010230411,0.008129761528816264
0.052216556417769115,0.023411776209798025,0.4617952547335112,-0.2616347986850239,1.2288218256678016,0.5829226820472267,-0.8781584366130553
-0.3915461364603891,1.5477019821173794,0.6367183105320562,0.052775343606533937,0.9439092721206414,0.8834501483147918,-0.06115002361053184
0.7131090042332181,0.8296073570739733,1.6446052819358121,-2.014410879113492,0.3840704804027519,-0.9035904846049371,-0.6981402852549119
-1.3996891260904696,-1.2140931449650716,-1.3039668032225182,-0.8501034085878326,-1.2607884553729207,-0.12347640473722606,-0.05690564700895733
0.8023109553297102,0.22428269486388225,-0.06878335252884367,-0.10915176056891544,0.22128189388186054,1.2226107074381385,-0.6360117008385331
1.0409997364787142,-1.5872562982658802,0.8294683130638015,-0.5427252916226409,0.35822872629545705,-1.4226570510171745,-0.8810668782474848
-0.16760855120537907,0.8013391906761543,-0.1503178005715155,0.1761198721019844,1.2783427993973198,-0.615598237273985,1.0884337194783533
-1.4999859901371995,-0.8586252777024829,-0.64784585631576,0.27262578800004245,-1.6045500275090983,-1.64847329085318,1.2970637684730297
1.8896152146400405,1.5473142059926415,-0.1468993101619739,-1.5042002271895252,0.6543790999203395,1.1207881504875261,-1.021522862439405
-1.0794288380768968,-0.5817628551689913,0.4394146185597017,0.014720214966601815,0.8602209954570325,0.5469811395459141,-1.2056268093947429
2.177655306450124,1.2820178184361073,-0.040667499623933186,-1.314079357985858,0.5220537284198894,-0.4953698240884781,0.6091202897962682
-0.6941026383159141,0.6343333621739411,1.0315901283744744,0.16980678070349614,-0.3631517187577485,-1.049339232323869,0.0009990825650518364
-1.353451505037196,-0.245326841369756,-0.37689252595500145,0.23399189432700412,0.5502649085289409,-0.8826268770801987,-0.23772314431854163
-1.6012179842627348,-0.844269372954049,-1.427558169825362,-0.2175170642531791,0.6590452707152011,1.4398181002367845,-1.3820672831794072
-1.5805769286959483,0.17350098075937023,-1.4631658710074662,1.6021672202866832,-0.8588156710746496,1.1707521748319767,0.09335792434750319
-0.5686592644914615,-1.207977889280351,-0.7788272126132353,0.8704533643462797,-0.3277803880468772,-0.9591684781355846,-1.0790929754479992
0.49094722642220456,-0.7264584604134331,-0.5579653521188834,0.9098482343705169,0.9603435971885289,-0.7875750182970742,0.3928816788242594
-1.261095537964258,0.8248416134168527,0.09162204676061787,-0.8537659502611389,-0.277417001747534,-0.09805665996081094,1.6886469935038269
0.15032078597784296,0.5293405405499001,-0.9830108544091365,-0.664936046767254,1.270974561791427,-1.7195634105492021,0.594137788799985
-0.19983537588060116,-0.44662475500828797,0.5947536578159376,1.2627793592298895,0.0979317059400226,-1.6090444321502348,-1.4754612850624558
1.0447090710518092,1.5274878885240732,0.5399179259334389,-0.5049605681325904,-1.3328108841239585,0.6778968333590059,-0.5961058479824767
-0.23143147702331612,-0.04979078680008765,-0.14708538060430784,-0.29322106355867683,-0.1433438816854271,1.674221130503353,-1.3055113558828446
0.1724043978942977,-0.5761291715987613,0.08243614090372942,1.5450182227312286,-0.25095926311145506,-0.78018535714509,-1.6239234593380623
-0.49716112296115206,1.725466813793288,1.2128784159910426,-0.6922940133207746,-1.6646276101889521,1.1996340725697676,-0.7612911666531508
-0.4114589734515708,0.20213782704632777,-0.2858392389950676,-0.224175537711145,-1.0615522405772844,1.3356477575795014,0.11892677003687192
1.457158776016677,0.4359627626749965,1.2411115097881291,0.017350532063787304,1.1095411769858161,0.619685857140302,-0.33120901669292324
-1.7141750993841673,-1.5526836748339525,-1.0365395035926965,1.4632210485263768,-1.4243415405022934,-1.1421398328670818,-0.3956397761673802
1.0570806019123389,-1.6190732830999723,-1.5089918674778682,-0.5416475832555541,-1.6646276101889521,-0.8294116949683661,-0.5254946262859188
0.5833090644202341,0.5824625292182645,-1.0034267972453244,-0.379252390233859,1.3325200479831072,-0.44589254346291307,-0.18569840351782993
